Copyright 1986-2022 Xilinx, Inc. All Rights Reserved. Copyright 2022-2023 Advanced Micro Devices, Inc. All Rights Reserved.
------------------------------------------------------------------------------------------------------------------------------------------------------------------------------------------------------
| Tool Version : Vivado v.2023.2 (lin64) Build 4029153 Fri Oct 13 20:13:54 MDT 2023
| Date         : Wed Aug 19 13:15:46 2026
| Host         : epictetus running 64-bit unknown
| Command      : report_timing_summary -max_paths 10 -report_unconstrained -file top_timing_summary_routed.rpt -pb top_timing_summary_routed.pb -rpx top_timing_summary_routed.rpx -warn_on_violation
| Design       : top
| Device       : 7z020-clg484
| Speed File   : -1  PRODUCTION 1.12 2019-11-22
| Design State : Routed
------------------------------------------------------------------------------------------------------------------------------------------------------------------------------------------------------

Timing Summary Report

------------------------------------------------------------------------------------------------
| Timer Settings
| --------------
------------------------------------------------------------------------------------------------

  Enable Multi Corner Analysis               :  Yes
  Enable Pessimism Removal                   :  Yes
  Pessimism Removal Resolution               :  Nearest Common Node
  Enable Input Delay Default Clock           :  No
  Enable Preset / Clear Arcs                 :  No
  Disable Flight Delays                      :  No
  Ignore I/O Paths                           :  No
  Timing Early Launch at Borrowing Latches   :  No
  Borrow Time for Max Delay Exceptions       :  Yes
  Merge Timing Exceptions                    :  Yes
  Inter-SLR Compensation                     :  Conservative

  Corner  Analyze    Analyze    
  Name    Max Paths  Min Paths  
  ------  ---------  ---------  
  Slow    Yes        Yes        
  Fast    Yes        Yes        


------------------------------------------------------------------------------------------------
| Report Methodology
| ------------------
------------------------------------------------------------------------------------------------

Rule    Severity  Description                                  Violations  
------  --------  -------------------------------------------  ----------  
XDCB-5  Warning   Runtime inefficient way to find pin objects  1           

Note: This report is based on the most recent report_methodology run and may not be up-to-date. Run report_methodology on the current design for the latest report.



check_timing report

Table of Contents
-----------------
1. checking no_clock (0)
2. checking constant_clock (0)
3. checking pulse_width_clock (0)
4. checking unconstrained_internal_endpoints (0)
5. checking no_input_delay (0)
6. checking no_output_delay (4)
7. checking multiple_clock (0)
8. checking generated_clocks (0)
9. checking loops (0)
10. checking partial_input_delay (0)
11. checking partial_output_delay (0)
12. checking latch_loops (0)

1. checking no_clock (0)
------------------------
 There are 0 register/latch pins with no clock.


2. checking constant_clock (0)
------------------------------
 There are 0 register/latch pins with constant_clock.


3. checking pulse_width_clock (0)
---------------------------------
 There are 0 register/latch pins which need pulse_width check


4. checking unconstrained_internal_endpoints (0)
------------------------------------------------
 There are 0 pins that are not constrained for maximum delay.

 There are 0 pins that are not constrained for maximum delay due to constant clock.


5. checking no_input_delay (0)
------------------------------
 There are 0 input ports with no input delay specified.

 There are 0 input ports with no input delay but user has a false path constraint.


6. checking no_output_delay (4)
-------------------------------
 There are 4 ports with no output delay specified. (HIGH)

 There are 0 ports with no output delay but user has a false path constraint

 There are 0 ports with no output delay but with a timing clock defined on it or propagating through it


7. checking multiple_clock (0)
------------------------------
 There are 0 register/latch pins with multiple clocks.


8. checking generated_clocks (0)
--------------------------------
 There are 0 generated clocks that are not connected to a clock source.


9. checking loops (0)
---------------------
 There are 0 combinational loops in the design.


10. checking partial_input_delay (0)
------------------------------------
 There are 0 input ports with partial input delay specified.


11. checking partial_output_delay (0)
-------------------------------------
 There are 0 ports with partial output delay specified.


12. checking latch_loops (0)
----------------------------
 There are 0 combinational latch loops in the design through latch input



------------------------------------------------------------------------------------------------
| Design Timing Summary
| ---------------------
------------------------------------------------------------------------------------------------

    WNS(ns)      TNS(ns)  TNS Failing Endpoints  TNS Total Endpoints      WHS(ns)      THS(ns)  THS Failing Endpoints  THS Total Endpoints     WPWS(ns)     TPWS(ns)  TPWS Failing Endpoints  TPWS Total Endpoints  
    -------      -------  ---------------------  -------------------      -------      -------  ---------------------  -------------------     --------     --------  ----------------------  --------------------  
     20.421        0.000                      0                  242        0.122        0.000                      0                  242        2.845        0.000                       0                   177  


All user specified timing constraints are met.


------------------------------------------------------------------------------------------------
| Clock Summary
| -------------
------------------------------------------------------------------------------------------------

Clock                 Waveform(ns)         Period(ns)      Frequency(MHz)
-----                 ------------         ----------      --------------
clk                   {0.000 10.000}       20.000          50.000          
  clk_out1_clk_wiz_0  {0.000 12.500}       25.000          40.000          
  clk_out2_clk_wiz_0  {0.000 2.500}        5.000           200.000         
  clkfbout_clk_wiz_0  {0.000 10.000}       20.000          50.000          


------------------------------------------------------------------------------------------------
| Intra Clock Table
| -----------------
------------------------------------------------------------------------------------------------

Clock                     WNS(ns)      TNS(ns)  TNS Failing Endpoints  TNS Total Endpoints      WHS(ns)      THS(ns)  THS Failing Endpoints  THS Total Endpoints     WPWS(ns)     TPWS(ns)  TPWS Failing Endpoints  TPWS Total Endpoints  
-----                     -------      -------  ---------------------  -------------------      -------      -------  ---------------------  -------------------     --------     --------  ----------------------  --------------------  
clk                                                                                                                                                                     7.000        0.000                       0                     1  
  clk_out1_clk_wiz_0       20.421        0.000                      0                  242        0.122        0.000                      0                  242       12.000        0.000                       0                   163  
  clk_out2_clk_wiz_0                                                                                                                                                    2.845        0.000                       0                    10  
  clkfbout_clk_wiz_0                                                                                                                                                   17.845        0.000                       0                     3  


------------------------------------------------------------------------------------------------
| Inter Clock Table
| -----------------
------------------------------------------------------------------------------------------------

From Clock    To Clock          WNS(ns)      TNS(ns)  TNS Failing Endpoints  TNS Total Endpoints      WHS(ns)      THS(ns)  THS Failing Endpoints  THS Total Endpoints  
----------    --------          -------      -------  ---------------------  -------------------      -------      -------  ---------------------  -------------------  


------------------------------------------------------------------------------------------------
| Other Path Groups Table
| -----------------------
------------------------------------------------------------------------------------------------

Path Group    From Clock    To Clock          WNS(ns)      TNS(ns)  TNS Failing Endpoints  TNS Total Endpoints      WHS(ns)      THS(ns)  THS Failing Endpoints  THS Total Endpoints  
----------    ----------    --------          -------      -------  ---------------------  -------------------      -------      -------  ---------------------  -------------------  


------------------------------------------------------------------------------------------------
| User Ignored Path Table
| -----------------------
------------------------------------------------------------------------------------------------

Path Group    From Clock    To Clock    
----------    ----------    --------    


------------------------------------------------------------------------------------------------
| Unconstrained Path Table
| ------------------------
------------------------------------------------------------------------------------------------

Path Group          From Clock          To Clock          
----------          ----------          --------          
(none)              clk_out2_clk_wiz_0                      
(none)              clkfbout_clk_wiz_0                      


------------------------------------------------------------------------------------------------
| Timing Details
| --------------
------------------------------------------------------------------------------------------------


---------------------------------------------------------------------------------------------------
From Clock:  clk
  To Clock:  clk

Setup :           NA  Failing Endpoints,  Worst Slack           NA  ,  Total Violation           NA
Hold  :           NA  Failing Endpoints,  Worst Slack           NA  ,  Total Violation           NA
PW    :            0  Failing Endpoints,  Worst Slack        7.000ns,  Total Violation        0.000ns
---------------------------------------------------------------------------------------------------


Pulse Width Checks
--------------------------------------------------------------------------------------
Clock Name:         clk
Waveform(ns):       { 0.000 10.000 }
Period(ns):         20.000
Sources:            { clk }

Check Type        Corner  Lib Pin            Reference Pin  Required(ns)  Actual(ns)  Slack(ns)  Location         Pin
Min Period        n/a     MMCME2_ADV/CLKIN1  n/a            1.249         20.000      18.751     MMCME2_ADV_X1Y1  u2/inst/mmcm_adv_inst/CLKIN1
Max Period        n/a     MMCME2_ADV/CLKIN1  n/a            100.000       20.000      80.000     MMCME2_ADV_X1Y1  u2/inst/mmcm_adv_inst/CLKIN1
Low Pulse Width   Slow    MMCME2_ADV/CLKIN1  n/a            3.000         10.000      7.000      MMCME2_ADV_X1Y1  u2/inst/mmcm_adv_inst/CLKIN1
Low Pulse Width   Fast    MMCME2_ADV/CLKIN1  n/a            3.000         10.000      7.000      MMCME2_ADV_X1Y1  u2/inst/mmcm_adv_inst/CLKIN1
High Pulse Width  Slow    MMCME2_ADV/CLKIN1  n/a            3.000         10.000      7.000      MMCME2_ADV_X1Y1  u2/inst/mmcm_adv_inst/CLKIN1
High Pulse Width  Fast    MMCME2_ADV/CLKIN1  n/a            3.000         10.000      7.000      MMCME2_ADV_X1Y1  u2/inst/mmcm_adv_inst/CLKIN1



---------------------------------------------------------------------------------------------------
From Clock:  clk_out1_clk_wiz_0
  To Clock:  clk_out1_clk_wiz_0

Setup :            0  Failing Endpoints,  Worst Slack       20.421ns,  Total Violation        0.000ns
Hold  :            0  Failing Endpoints,  Worst Slack        0.122ns,  Total Violation        0.000ns
PW    :            0  Failing Endpoints,  Worst Slack       12.000ns,  Total Violation        0.000ns
---------------------------------------------------------------------------------------------------


Max Delay Paths
--------------------------------------------------------------------------------------
Slack (MET) :             20.421ns  (required time - arrival time)
  Source:                 u1/U0/DataEncoders[0].DataEncoder/pDataOut_1_reg[1]/C
                            (rising edge-triggered cell FDRE clocked by clk_out1_clk_wiz_0  {rise@0.000ns fall@12.500ns period=25.000ns})
  Destination:            u1/U0/DataEncoders[0].DataEncoder/n1q_m_2_reg[0]/D
                            (rising edge-triggered cell FDRE clocked by clk_out1_clk_wiz_0  {rise@0.000ns fall@12.500ns period=25.000ns})
  Path Group:             clk_out1_clk_wiz_0
  Path Type:              Setup (Max at Slow Process Corner)
  Requirement:            25.000ns  (clk_out1_clk_wiz_0 rise@25.000ns - clk_out1_clk_wiz_0 rise@0.000ns)
  Data Path Delay:        4.176ns  (logic 1.148ns (27.491%)  route 3.028ns (72.509%))
  Logic Levels:           3  (LUT4=1 LUT5=2)
  Clock Path Skew:        -0.024ns (DCD - SCD + CPR)
    Destination Clock Delay (DCD):    -1.480ns = ( 23.520 - 25.000 ) 
    Source Clock Delay      (SCD):    -0.841ns
    Clock Pessimism Removal (CPR):    0.615ns
  Clock Uncertainty:      0.108ns  ((TSJ^2 + DJ^2)^1/2) / 2 + PE
    Total System Jitter     (TSJ):    0.071ns
    Discrete Jitter          (DJ):    0.204ns
    Phase Error              (PE):    0.000ns

    Location             Delay type                Incr(ns)  Path(ns)    Netlist Resource(s)
  -------------------------------------------------------------------    -------------------
                         (clock clk_out1_clk_wiz_0 rise edge)
                                                      0.000     0.000 r  
    M19                                               0.000     0.000 r  clk (IN)
                         net (fo=0)                   0.000     0.000    u2/inst/clk_in1
    M19                  IBUF (Prop_ibuf_I_O)         1.436     1.436 r  u2/inst/clkin1_ibufg/O
                         net (fo=1, routed)           1.285     2.721    u2/inst/clk_in1_clk_wiz_0
    MMCME2_ADV_X1Y1      MMCME2_ADV (Prop_mmcme2_adv_CLKIN1_CLKOUT0)
                                                     -7.406    -4.685 r  u2/inst/mmcm_adv_inst/CLKOUT0
                         net (fo=1, routed)           1.889    -2.796    u2/inst/clk_out1_clk_wiz_0
    BUFGCTRL_X0Y16       BUFG (Prop_bufg_I_O)         0.101    -2.695 r  u2/inst/clkout1_buf/O
                         net (fo=161, routed)         1.854    -0.841    u1/U0/DataEncoders[0].DataEncoder/PixelClk
    SLICE_X112Y68        FDRE                                         r  u1/U0/DataEncoders[0].DataEncoder/pDataOut_1_reg[1]/C
  -------------------------------------------------------------------    -------------------
    SLICE_X112Y68        FDRE (Prop_fdre_C_Q)         0.518    -0.323 r  u1/U0/DataEncoders[0].DataEncoder/pDataOut_1_reg[1]/Q
                         net (fo=8, routed)           0.849     0.527    u1/U0/DataEncoders[0].DataEncoder/p_0_in
    SLICE_X113Y68        LUT5 (Prop_lut5_I2_O)        0.152     0.679 r  u1/U0/DataEncoders[0].DataEncoder/q_m_2[7]_i_2/O
                         net (fo=6, routed)           0.833     1.512    u1/U0/DataEncoders[0].DataEncoder/q_m_2[7]_i_2_n_0
    SLICE_X112Y69        LUT5 (Prop_lut5_I1_O)        0.332     1.844 r  u1/U0/DataEncoders[0].DataEncoder/n1q_m_2[3]_i_5/O
                         net (fo=7, routed)           0.824     2.668    u1/U0/DataEncoders[0].DataEncoder/n1q_m_2[3]_i_5_n_0
    SLICE_X112Y68        LUT4 (Prop_lut4_I0_O)        0.146     2.814 r  u1/U0/DataEncoders[0].DataEncoder/n1q_m_2[0]_i_1__1/O
                         net (fo=1, routed)           0.522     3.335    u1/U0/DataEncoders[0].DataEncoder/n1q_m_2[0]_i_1__1_n_0
    SLICE_X110Y68        FDRE                                         r  u1/U0/DataEncoders[0].DataEncoder/n1q_m_2_reg[0]/D
  -------------------------------------------------------------------    -------------------

                         (clock clk_out1_clk_wiz_0 rise edge)
                                                     25.000    25.000 r  
    M19                                               0.000    25.000 r  clk (IN)
                         net (fo=0)                   0.000    25.000    u2/inst/clk_in1
    M19                  IBUF (Prop_ibuf_I_O)         1.366    26.366 r  u2/inst/clkin1_ibufg/O
                         net (fo=1, routed)           1.162    27.528    u2/inst/clk_in1_clk_wiz_0
    MMCME2_ADV_X1Y1      MMCME2_ADV (Prop_mmcme2_adv_CLKIN1_CLKOUT0)
                                                     -7.500    20.028 r  u2/inst/mmcm_adv_inst/CLKOUT0
                         net (fo=1, routed)           1.725    21.753    u2/inst/clk_out1_clk_wiz_0
    BUFGCTRL_X0Y16       BUFG (Prop_bufg_I_O)         0.091    21.844 r  u2/inst/clkout1_buf/O
                         net (fo=161, routed)         1.676    23.520    u1/U0/DataEncoders[0].DataEncoder/PixelClk
    SLICE_X110Y68        FDRE                                         r  u1/U0/DataEncoders[0].DataEncoder/n1q_m_2_reg[0]/C
                         clock pessimism              0.615    24.135    
                         clock uncertainty           -0.108    24.027    
    SLICE_X110Y68        FDRE (Setup_fdre_C_D)       -0.271    23.756    u1/U0/DataEncoders[0].DataEncoder/n1q_m_2_reg[0]
  -------------------------------------------------------------------
                         required time                         23.756    
                         arrival time                          -3.335    
  -------------------------------------------------------------------
                         slack                                 20.421    

Slack (MET) :             20.572ns  (required time - arrival time)
  Source:                 u4/v_count_reg[2]/C
                            (rising edge-triggered cell FDRE clocked by clk_out1_clk_wiz_0  {rise@0.000ns fall@12.500ns period=25.000ns})
  Destination:            u4/pix_data_req_reg/D
                            (rising edge-triggered cell FDRE clocked by clk_out1_clk_wiz_0  {rise@0.000ns fall@12.500ns period=25.000ns})
  Path Group:             clk_out1_clk_wiz_0
  Path Type:              Setup (Max at Slow Process Corner)
  Requirement:            25.000ns  (clk_out1_clk_wiz_0 rise@25.000ns - clk_out1_clk_wiz_0 rise@0.000ns)
  Data Path Delay:        4.409ns  (logic 1.064ns (24.131%)  route 3.345ns (75.869%))
  Logic Levels:           3  (LUT5=2 LUT6=1)
  Clock Path Skew:        0.010ns (DCD - SCD + CPR)
    Destination Clock Delay (DCD):    -1.484ns = ( 23.516 - 25.000 ) 
    Source Clock Delay      (SCD):    -0.919ns
    Clock Pessimism Removal (CPR):    0.575ns
  Clock Uncertainty:      0.108ns  ((TSJ^2 + DJ^2)^1/2) / 2 + PE
    Total System Jitter     (TSJ):    0.071ns
    Discrete Jitter          (DJ):    0.204ns
    Phase Error              (PE):    0.000ns

    Location             Delay type                Incr(ns)  Path(ns)    Netlist Resource(s)
  -------------------------------------------------------------------    -------------------
                         (clock clk_out1_clk_wiz_0 rise edge)
                                                      0.000     0.000 r  
    M19                                               0.000     0.000 r  clk (IN)
                         net (fo=0)                   0.000     0.000    u2/inst/clk_in1
    M19                  IBUF (Prop_ibuf_I_O)         1.436     1.436 r  u2/inst/clkin1_ibufg/O
                         net (fo=1, routed)           1.285     2.721    u2/inst/clk_in1_clk_wiz_0
    MMCME2_ADV_X1Y1      MMCME2_ADV (Prop_mmcme2_adv_CLKIN1_CLKOUT0)
                                                     -7.406    -4.685 r  u2/inst/mmcm_adv_inst/CLKOUT0
                         net (fo=1, routed)           1.889    -2.796    u2/inst/clk_out1_clk_wiz_0
    BUFGCTRL_X0Y16       BUFG (Prop_bufg_I_O)         0.101    -2.695 r  u2/inst/clkout1_buf/O
                         net (fo=161, routed)         1.776    -0.919    u4/CLK
    SLICE_X103Y67        FDRE                                         r  u4/v_count_reg[2]/C
  -------------------------------------------------------------------    -------------------
    SLICE_X103Y67        FDRE (Prop_fdre_C_Q)         0.456    -0.463 f  u4/v_count_reg[2]/Q
                         net (fo=13, routed)          1.387     0.925    u4/v_count_reg[2]
    SLICE_X103Y68        LUT5 (Prop_lut5_I2_O)        0.152     1.077 r  u4/v_count[6]_i_3/O
                         net (fo=3, routed)           0.880     1.956    u4/v_count[6]_i_3_n_0
    SLICE_X102Y68        LUT6 (Prop_lut6_I5_O)        0.332     2.288 r  u4/de_i_3/O
                         net (fo=2, routed)           1.078     3.367    u4/de_i_3_n_0
    SLICE_X108Y69        LUT5 (Prop_lut5_I2_O)        0.124     3.491 r  u4/pix_data_req_i_1/O
                         net (fo=1, routed)           0.000     3.491    u4/pix_data_req0
    SLICE_X108Y69        FDRE                                         r  u4/pix_data_req_reg/D
  -------------------------------------------------------------------    -------------------

                         (clock clk_out1_clk_wiz_0 rise edge)
                                                     25.000    25.000 r  
    M19                                               0.000    25.000 r  clk (IN)
                         net (fo=0)                   0.000    25.000    u2/inst/clk_in1
    M19                  IBUF (Prop_ibuf_I_O)         1.366    26.366 r  u2/inst/clkin1_ibufg/O
                         net (fo=1, routed)           1.162    27.528    u2/inst/clk_in1_clk_wiz_0
    MMCME2_ADV_X1Y1      MMCME2_ADV (Prop_mmcme2_adv_CLKIN1_CLKOUT0)
                                                     -7.500    20.028 r  u2/inst/mmcm_adv_inst/CLKOUT0
                         net (fo=1, routed)           1.725    21.753    u2/inst/clk_out1_clk_wiz_0
    BUFGCTRL_X0Y16       BUFG (Prop_bufg_I_O)         0.091    21.844 r  u2/inst/clkout1_buf/O
                         net (fo=161, routed)         1.672    23.516    u4/CLK
    SLICE_X108Y69        FDRE                                         r  u4/pix_data_req_reg/C
                         clock pessimism              0.575    24.091    
                         clock uncertainty           -0.108    23.983    
    SLICE_X108Y69        FDRE (Setup_fdre_C_D)        0.079    24.062    u4/pix_data_req_reg
  -------------------------------------------------------------------
                         required time                         24.062    
                         arrival time                          -3.491    
  -------------------------------------------------------------------
                         slack                                 20.572    

Slack (MET) :             20.619ns  (required time - arrival time)
  Source:                 u1/U0/DataEncoders[2].DataEncoder/n0q_m_2_reg[1]/C
                            (rising edge-triggered cell FDRE clocked by clk_out1_clk_wiz_0  {rise@0.000ns fall@12.500ns period=25.000ns})
  Destination:            u1/U0/DataEncoders[2].DataEncoder/cnt_t_3_reg[4]/D
                            (rising edge-triggered cell FDRE clocked by clk_out1_clk_wiz_0  {rise@0.000ns fall@12.500ns period=25.000ns})
  Path Group:             clk_out1_clk_wiz_0
  Path Type:              Setup (Max at Slow Process Corner)
  Requirement:            25.000ns  (clk_out1_clk_wiz_0 rise@25.000ns - clk_out1_clk_wiz_0 rise@0.000ns)
  Data Path Delay:        4.280ns  (logic 1.344ns (31.405%)  route 2.936ns (68.595%))
  Logic Levels:           3  (LUT4=1 LUT5=1 LUT6=1)
  Clock Path Skew:        -0.022ns (DCD - SCD + CPR)
    Destination Clock Delay (DCD):    -1.478ns = ( 23.522 - 25.000 ) 
    Source Clock Delay      (SCD):    -0.841ns
    Clock Pessimism Removal (CPR):    0.615ns
  Clock Uncertainty:      0.108ns  ((TSJ^2 + DJ^2)^1/2) / 2 + PE
    Total System Jitter     (TSJ):    0.071ns
    Discrete Jitter          (DJ):    0.204ns
    Phase Error              (PE):    0.000ns

    Location             Delay type                Incr(ns)  Path(ns)    Netlist Resource(s)
  -------------------------------------------------------------------    -------------------
                         (clock clk_out1_clk_wiz_0 rise edge)
                                                      0.000     0.000 r  
    M19                                               0.000     0.000 r  clk (IN)
                         net (fo=0)                   0.000     0.000    u2/inst/clk_in1
    M19                  IBUF (Prop_ibuf_I_O)         1.436     1.436 r  u2/inst/clkin1_ibufg/O
                         net (fo=1, routed)           1.285     2.721    u2/inst/clk_in1_clk_wiz_0
    MMCME2_ADV_X1Y1      MMCME2_ADV (Prop_mmcme2_adv_CLKIN1_CLKOUT0)
                                                     -7.406    -4.685 r  u2/inst/mmcm_adv_inst/CLKOUT0
                         net (fo=1, routed)           1.889    -2.796    u2/inst/clk_out1_clk_wiz_0
    BUFGCTRL_X0Y16       BUFG (Prop_bufg_I_O)         0.101    -2.695 r  u2/inst/clkout1_buf/O
                         net (fo=161, routed)         1.854    -0.841    u1/U0/DataEncoders[2].DataEncoder/PixelClk
    SLICE_X112Y81        FDRE                                         r  u1/U0/DataEncoders[2].DataEncoder/n0q_m_2_reg[1]/C
  -------------------------------------------------------------------    -------------------
    SLICE_X112Y81        FDRE (Prop_fdre_C_Q)         0.518    -0.323 r  u1/U0/DataEncoders[2].DataEncoder/n0q_m_2_reg[1]/Q
                         net (fo=11, routed)          1.058     0.736    u1/U0/DataEncoders[2].DataEncoder/n0q_m_2_reg_n_0_[1]
    SLICE_X110Y83        LUT4 (Prop_lut4_I1_O)        0.150     0.886 f  u1/U0/DataEncoders[2].DataEncoder/cnt_t_3[4]_i_8__1/O
                         net (fo=5, routed)           1.143     2.029    u1/U0/DataEncoders[2].DataEncoder/cnt_t_3[4]_i_8__1_n_0
    SLICE_X112Y82        LUT5 (Prop_lut5_I4_O)        0.348     2.377 r  u1/U0/DataEncoders[2].DataEncoder/cnt_t_3[4]_i_4__1/O
                         net (fo=1, routed)           0.734     3.111    u1/U0/DataEncoders[2].DataEncoder/cnt_t_3[4]_i_4__1_n_0
    SLICE_X113Y82        LUT6 (Prop_lut6_I2_O)        0.328     3.439 r  u1/U0/DataEncoders[2].DataEncoder/cnt_t_3[4]_i_1__1/O
                         net (fo=1, routed)           0.000     3.439    u1/U0/DataEncoders[2].DataEncoder/cnt_t_2[4]
    SLICE_X113Y82        FDRE                                         r  u1/U0/DataEncoders[2].DataEncoder/cnt_t_3_reg[4]/D
  -------------------------------------------------------------------    -------------------

                         (clock clk_out1_clk_wiz_0 rise edge)
                                                     25.000    25.000 r  
    M19                                               0.000    25.000 r  clk (IN)
                         net (fo=0)                   0.000    25.000    u2/inst/clk_in1
    M19                  IBUF (Prop_ibuf_I_O)         1.366    26.366 r  u2/inst/clkin1_ibufg/O
                         net (fo=1, routed)           1.162    27.528    u2/inst/clk_in1_clk_wiz_0
    MMCME2_ADV_X1Y1      MMCME2_ADV (Prop_mmcme2_adv_CLKIN1_CLKOUT0)
                                                     -7.500    20.028 r  u2/inst/mmcm_adv_inst/CLKOUT0
                         net (fo=1, routed)           1.725    21.753    u2/inst/clk_out1_clk_wiz_0
    BUFGCTRL_X0Y16       BUFG (Prop_bufg_I_O)         0.091    21.844 r  u2/inst/clkout1_buf/O
                         net (fo=161, routed)         1.678    23.522    u1/U0/DataEncoders[2].DataEncoder/PixelClk
    SLICE_X113Y82        FDRE                                         r  u1/U0/DataEncoders[2].DataEncoder/cnt_t_3_reg[4]/C
                         clock pessimism              0.615    24.137    
                         clock uncertainty           -0.108    24.029    
    SLICE_X113Y82        FDRE (Setup_fdre_C_D)        0.029    24.058    u1/U0/DataEncoders[2].DataEncoder/cnt_t_3_reg[4]
  -------------------------------------------------------------------
                         required time                         24.058    
                         arrival time                          -3.439    
  -------------------------------------------------------------------
                         slack                                 20.619    

Slack (MET) :             20.686ns  (required time - arrival time)
  Source:                 u4/h_count_reg[3]/C
                            (rising edge-triggered cell FDRE clocked by clk_out1_clk_wiz_0  {rise@0.000ns fall@12.500ns period=25.000ns})
  Destination:            u4/rgb_r_reg[7]/D
                            (rising edge-triggered cell FDRE clocked by clk_out1_clk_wiz_0  {rise@0.000ns fall@12.500ns period=25.000ns})
  Path Group:             clk_out1_clk_wiz_0
  Path Type:              Setup (Max at Slow Process Corner)
  Requirement:            25.000ns  (clk_out1_clk_wiz_0 rise@25.000ns - clk_out1_clk_wiz_0 rise@0.000ns)
  Data Path Delay:        4.171ns  (logic 1.087ns (26.058%)  route 3.084ns (73.942%))
  Logic Levels:           4  (LUT4=2 LUT6=2)
  Clock Path Skew:        -0.063ns (DCD - SCD + CPR)
    Destination Clock Delay (DCD):    -1.482ns = ( 23.518 - 25.000 ) 
    Source Clock Delay      (SCD):    -0.844ns
    Clock Pessimism Removal (CPR):    0.575ns
  Clock Uncertainty:      0.108ns  ((TSJ^2 + DJ^2)^1/2) / 2 + PE
    Total System Jitter     (TSJ):    0.071ns
    Discrete Jitter          (DJ):    0.204ns
    Phase Error              (PE):    0.000ns

    Location             Delay type                Incr(ns)  Path(ns)    Netlist Resource(s)
  -------------------------------------------------------------------    -------------------
                         (clock clk_out1_clk_wiz_0 rise edge)
                                                      0.000     0.000 r  
    M19                                               0.000     0.000 r  clk (IN)
                         net (fo=0)                   0.000     0.000    u2/inst/clk_in1
    M19                  IBUF (Prop_ibuf_I_O)         1.436     1.436 r  u2/inst/clkin1_ibufg/O
                         net (fo=1, routed)           1.285     2.721    u2/inst/clk_in1_clk_wiz_0
    MMCME2_ADV_X1Y1      MMCME2_ADV (Prop_mmcme2_adv_CLKIN1_CLKOUT0)
                                                     -7.406    -4.685 r  u2/inst/mmcm_adv_inst/CLKOUT0
                         net (fo=1, routed)           1.889    -2.796    u2/inst/clk_out1_clk_wiz_0
    BUFGCTRL_X0Y16       BUFG (Prop_bufg_I_O)         0.101    -2.695 r  u2/inst/clkout1_buf/O
                         net (fo=161, routed)         1.851    -0.844    u4/CLK
    SLICE_X109Y69        FDRE                                         r  u4/h_count_reg[3]/C
  -------------------------------------------------------------------    -------------------
    SLICE_X109Y69        FDRE (Prop_fdre_C_Q)         0.419    -0.425 r  u4/h_count_reg[3]/Q
                         net (fo=17, routed)          1.068     0.643    u4/h_count[3]
    SLICE_X109Y71        LUT4 (Prop_lut4_I3_O)        0.296     0.939 r  u4/rgb_r[7]_i_4/O
                         net (fo=2, routed)           0.856     1.795    u4/rgb_r[7]_i_4_n_0
    SLICE_X109Y71        LUT6 (Prop_lut6_I0_O)        0.124     1.919 r  u4/rgb_g[7]_i_13/O
                         net (fo=3, routed)           0.595     2.514    u4/rgb_g[7]_i_13_n_0
    SLICE_X109Y70        LUT6 (Prop_lut6_I4_O)        0.124     2.638 r  u4/rgb_g[7]_i_6/O
                         net (fo=3, routed)           0.566     3.204    u4/rgb_r0
    SLICE_X110Y71        LUT4 (Prop_lut4_I2_O)        0.124     3.328 r  u4/rgb_r[7]_i_1/O
                         net (fo=1, routed)           0.000     3.328    u4/rgb_r[7]_i_1_n_0
    SLICE_X110Y71        FDRE                                         r  u4/rgb_r_reg[7]/D
  -------------------------------------------------------------------    -------------------

                         (clock clk_out1_clk_wiz_0 rise edge)
                                                     25.000    25.000 r  
    M19                                               0.000    25.000 r  clk (IN)
                         net (fo=0)                   0.000    25.000    u2/inst/clk_in1
    M19                  IBUF (Prop_ibuf_I_O)         1.366    26.366 r  u2/inst/clkin1_ibufg/O
                         net (fo=1, routed)           1.162    27.528    u2/inst/clk_in1_clk_wiz_0
    MMCME2_ADV_X1Y1      MMCME2_ADV (Prop_mmcme2_adv_CLKIN1_CLKOUT0)
                                                     -7.500    20.028 r  u2/inst/mmcm_adv_inst/CLKOUT0
                         net (fo=1, routed)           1.725    21.753    u2/inst/clk_out1_clk_wiz_0
    BUFGCTRL_X0Y16       BUFG (Prop_bufg_I_O)         0.091    21.844 r  u2/inst/clkout1_buf/O
                         net (fo=161, routed)         1.674    23.518    u4/CLK
    SLICE_X110Y71        FDRE                                         r  u4/rgb_r_reg[7]/C
                         clock pessimism              0.575    24.093    
                         clock uncertainty           -0.108    23.985    
    SLICE_X110Y71        FDRE (Setup_fdre_C_D)        0.029    24.014    u4/rgb_r_reg[7]
  -------------------------------------------------------------------
                         required time                         24.014    
                         arrival time                          -3.328    
  -------------------------------------------------------------------
                         slack                                 20.686    

Slack (MET) :             20.728ns  (required time - arrival time)
  Source:                 u4/h_count_reg[3]/C
                            (rising edge-triggered cell FDRE clocked by clk_out1_clk_wiz_0  {rise@0.000ns fall@12.500ns period=25.000ns})
  Destination:            u4/rgb_b_reg[7]/D
                            (rising edge-triggered cell FDRE clocked by clk_out1_clk_wiz_0  {rise@0.000ns fall@12.500ns period=25.000ns})
  Path Group:             clk_out1_clk_wiz_0
  Path Type:              Setup (Max at Slow Process Corner)
  Requirement:            25.000ns  (clk_out1_clk_wiz_0 rise@25.000ns - clk_out1_clk_wiz_0 rise@0.000ns)
  Data Path Delay:        4.131ns  (logic 1.087ns (26.316%)  route 3.044ns (73.684%))
  Logic Levels:           4  (LUT4=1 LUT5=1 LUT6=2)
  Clock Path Skew:        -0.062ns (DCD - SCD + CPR)
    Destination Clock Delay (DCD):    -1.481ns = ( 23.519 - 25.000 ) 
    Source Clock Delay      (SCD):    -0.844ns
    Clock Pessimism Removal (CPR):    0.575ns
  Clock Uncertainty:      0.108ns  ((TSJ^2 + DJ^2)^1/2) / 2 + PE
    Total System Jitter     (TSJ):    0.071ns
    Discrete Jitter          (DJ):    0.204ns
    Phase Error              (PE):    0.000ns

    Location             Delay type                Incr(ns)  Path(ns)    Netlist Resource(s)
  -------------------------------------------------------------------    -------------------
                         (clock clk_out1_clk_wiz_0 rise edge)
                                                      0.000     0.000 r  
    M19                                               0.000     0.000 r  clk (IN)
                         net (fo=0)                   0.000     0.000    u2/inst/clk_in1
    M19                  IBUF (Prop_ibuf_I_O)         1.436     1.436 r  u2/inst/clkin1_ibufg/O
                         net (fo=1, routed)           1.285     2.721    u2/inst/clk_in1_clk_wiz_0
    MMCME2_ADV_X1Y1      MMCME2_ADV (Prop_mmcme2_adv_CLKIN1_CLKOUT0)
                                                     -7.406    -4.685 r  u2/inst/mmcm_adv_inst/CLKOUT0
                         net (fo=1, routed)           1.889    -2.796    u2/inst/clk_out1_clk_wiz_0
    BUFGCTRL_X0Y16       BUFG (Prop_bufg_I_O)         0.101    -2.695 r  u2/inst/clkout1_buf/O
                         net (fo=161, routed)         1.851    -0.844    u4/CLK
    SLICE_X109Y69        FDRE                                         r  u4/h_count_reg[3]/C
  -------------------------------------------------------------------    -------------------
    SLICE_X109Y69        FDRE (Prop_fdre_C_Q)         0.419    -0.425 r  u4/h_count_reg[3]/Q
                         net (fo=17, routed)          1.068     0.643    u4/h_count[3]
    SLICE_X109Y71        LUT4 (Prop_lut4_I3_O)        0.296     0.939 r  u4/rgb_r[7]_i_4/O
                         net (fo=2, routed)           0.856     1.795    u4/rgb_r[7]_i_4_n_0
    SLICE_X109Y71        LUT6 (Prop_lut6_I0_O)        0.124     1.919 r  u4/rgb_g[7]_i_13/O
                         net (fo=3, routed)           0.316     2.235    u4/rgb_g[7]_i_13_n_0
    SLICE_X109Y70        LUT6 (Prop_lut6_I5_O)        0.124     2.359 r  u4/rgb_b[7]_i_3/O
                         net (fo=1, routed)           0.804     3.163    u4/rgb_b[7]_i_3_n_0
    SLICE_X111Y70        LUT5 (Prop_lut5_I2_O)        0.124     3.287 r  u4/rgb_b[7]_i_1/O
                         net (fo=1, routed)           0.000     3.287    u4/rgb_b[7]_i_1_n_0
    SLICE_X111Y70        FDRE                                         r  u4/rgb_b_reg[7]/D
  -------------------------------------------------------------------    -------------------

                         (clock clk_out1_clk_wiz_0 rise edge)
                                                     25.000    25.000 r  
    M19                                               0.000    25.000 r  clk (IN)
                         net (fo=0)                   0.000    25.000    u2/inst/clk_in1
    M19                  IBUF (Prop_ibuf_I_O)         1.366    26.366 r  u2/inst/clkin1_ibufg/O
                         net (fo=1, routed)           1.162    27.528    u2/inst/clk_in1_clk_wiz_0
    MMCME2_ADV_X1Y1      MMCME2_ADV (Prop_mmcme2_adv_CLKIN1_CLKOUT0)
                                                     -7.500    20.028 r  u2/inst/mmcm_adv_inst/CLKOUT0
                         net (fo=1, routed)           1.725    21.753    u2/inst/clk_out1_clk_wiz_0
    BUFGCTRL_X0Y16       BUFG (Prop_bufg_I_O)         0.091    21.844 r  u2/inst/clkout1_buf/O
                         net (fo=161, routed)         1.675    23.519    u4/CLK
    SLICE_X111Y70        FDRE                                         r  u4/rgb_b_reg[7]/C
                         clock pessimism              0.575    24.094    
                         clock uncertainty           -0.108    23.986    
    SLICE_X111Y70        FDRE (Setup_fdre_C_D)        0.029    24.015    u4/rgb_b_reg[7]
  -------------------------------------------------------------------
                         required time                         24.015    
                         arrival time                          -3.287    
  -------------------------------------------------------------------
                         slack                                 20.728    

Slack (MET) :             20.832ns  (required time - arrival time)
  Source:                 u4/h_count_reg[3]/C
                            (rising edge-triggered cell FDRE clocked by clk_out1_clk_wiz_0  {rise@0.000ns fall@12.500ns period=25.000ns})
  Destination:            u4/v_count_reg[4]/CE
                            (rising edge-triggered cell FDRE clocked by clk_out1_clk_wiz_0  {rise@0.000ns fall@12.500ns period=25.000ns})
  Path Group:             clk_out1_clk_wiz_0
  Path Type:              Setup (Max at Slow Process Corner)
  Requirement:            25.000ns  (clk_out1_clk_wiz_0 rise@25.000ns - clk_out1_clk_wiz_0 rise@0.000ns)
  Data Path Delay:        3.755ns  (logic 0.839ns (22.341%)  route 2.916ns (77.659%))
  Logic Levels:           2  (LUT5=1 LUT6=1)
  Clock Path Skew:        -0.136ns (DCD - SCD + CPR)
    Destination Clock Delay (DCD):    -1.555ns = ( 23.445 - 25.000 ) 
    Source Clock Delay      (SCD):    -0.844ns
    Clock Pessimism Removal (CPR):    0.575ns
  Clock Uncertainty:      0.108ns  ((TSJ^2 + DJ^2)^1/2) / 2 + PE
    Total System Jitter     (TSJ):    0.071ns
    Discrete Jitter          (DJ):    0.204ns
    Phase Error              (PE):    0.000ns

    Location             Delay type                Incr(ns)  Path(ns)    Netlist Resource(s)
  -------------------------------------------------------------------    -------------------
                         (clock clk_out1_clk_wiz_0 rise edge)
                                                      0.000     0.000 r  
    M19                                               0.000     0.000 r  clk (IN)
                         net (fo=0)                   0.000     0.000    u2/inst/clk_in1
    M19                  IBUF (Prop_ibuf_I_O)         1.436     1.436 r  u2/inst/clkin1_ibufg/O
                         net (fo=1, routed)           1.285     2.721    u2/inst/clk_in1_clk_wiz_0
    MMCME2_ADV_X1Y1      MMCME2_ADV (Prop_mmcme2_adv_CLKIN1_CLKOUT0)
                                                     -7.406    -4.685 r  u2/inst/mmcm_adv_inst/CLKOUT0
                         net (fo=1, routed)           1.889    -2.796    u2/inst/clk_out1_clk_wiz_0
    BUFGCTRL_X0Y16       BUFG (Prop_bufg_I_O)         0.101    -2.695 r  u2/inst/clkout1_buf/O
                         net (fo=161, routed)         1.851    -0.844    u4/CLK
    SLICE_X109Y69        FDRE                                         r  u4/h_count_reg[3]/C
  -------------------------------------------------------------------    -------------------
    SLICE_X109Y69        FDRE (Prop_fdre_C_Q)         0.419    -0.425 r  u4/h_count_reg[3]/Q
                         net (fo=17, routed)          0.760     0.335    u4/h_count[3]
    SLICE_X109Y69        LUT5 (Prop_lut5_I4_O)        0.296     0.631 f  u4/h_count[10]_i_3/O
                         net (fo=7, routed)           0.838     1.469    u4/h_count[10]_i_3_n_0
    SLICE_X108Y68        LUT6 (Prop_lut6_I0_O)        0.124     1.593 r  u4/v_count[9]_i_1/O
                         net (fo=10, routed)          1.318     2.912    u4/p_0_in__0
    SLICE_X104Y67        FDRE                                         r  u4/v_count_reg[4]/CE
  -------------------------------------------------------------------    -------------------

                         (clock clk_out1_clk_wiz_0 rise edge)
                                                     25.000    25.000 r  
    M19                                               0.000    25.000 r  clk (IN)
                         net (fo=0)                   0.000    25.000    u2/inst/clk_in1
    M19                  IBUF (Prop_ibuf_I_O)         1.366    26.366 r  u2/inst/clkin1_ibufg/O
                         net (fo=1, routed)           1.162    27.528    u2/inst/clk_in1_clk_wiz_0
    MMCME2_ADV_X1Y1      MMCME2_ADV (Prop_mmcme2_adv_CLKIN1_CLKOUT0)
                                                     -7.500    20.028 r  u2/inst/mmcm_adv_inst/CLKOUT0
                         net (fo=1, routed)           1.725    21.753    u2/inst/clk_out1_clk_wiz_0
    BUFGCTRL_X0Y16       BUFG (Prop_bufg_I_O)         0.091    21.844 r  u2/inst/clkout1_buf/O
                         net (fo=161, routed)         1.601    23.445    u4/CLK
    SLICE_X104Y67        FDRE                                         r  u4/v_count_reg[4]/C
                         clock pessimism              0.575    24.020    
                         clock uncertainty           -0.108    23.912    
    SLICE_X104Y67        FDRE (Setup_fdre_C_CE)      -0.169    23.743    u4/v_count_reg[4]
  -------------------------------------------------------------------
                         required time                         23.743    
                         arrival time                          -2.912    
  -------------------------------------------------------------------
                         slack                                 20.832    

Slack (MET) :             20.832ns  (required time - arrival time)
  Source:                 u4/h_count_reg[3]/C
                            (rising edge-triggered cell FDRE clocked by clk_out1_clk_wiz_0  {rise@0.000ns fall@12.500ns period=25.000ns})
  Destination:            u4/v_count_reg[7]/CE
                            (rising edge-triggered cell FDRE clocked by clk_out1_clk_wiz_0  {rise@0.000ns fall@12.500ns period=25.000ns})
  Path Group:             clk_out1_clk_wiz_0
  Path Type:              Setup (Max at Slow Process Corner)
  Requirement:            25.000ns  (clk_out1_clk_wiz_0 rise@25.000ns - clk_out1_clk_wiz_0 rise@0.000ns)
  Data Path Delay:        3.755ns  (logic 0.839ns (22.341%)  route 2.916ns (77.659%))
  Logic Levels:           2  (LUT5=1 LUT6=1)
  Clock Path Skew:        -0.136ns (DCD - SCD + CPR)
    Destination Clock Delay (DCD):    -1.555ns = ( 23.445 - 25.000 ) 
    Source Clock Delay      (SCD):    -0.844ns
    Clock Pessimism Removal (CPR):    0.575ns
  Clock Uncertainty:      0.108ns  ((TSJ^2 + DJ^2)^1/2) / 2 + PE
    Total System Jitter     (TSJ):    0.071ns
    Discrete Jitter          (DJ):    0.204ns
    Phase Error              (PE):    0.000ns

    Location             Delay type                Incr(ns)  Path(ns)    Netlist Resource(s)
  -------------------------------------------------------------------    -------------------
                         (clock clk_out1_clk_wiz_0 rise edge)
                                                      0.000     0.000 r  
    M19                                               0.000     0.000 r  clk (IN)
                         net (fo=0)                   0.000     0.000    u2/inst/clk_in1
    M19                  IBUF (Prop_ibuf_I_O)         1.436     1.436 r  u2/inst/clkin1_ibufg/O
                         net (fo=1, routed)           1.285     2.721    u2/inst/clk_in1_clk_wiz_0
    MMCME2_ADV_X1Y1      MMCME2_ADV (Prop_mmcme2_adv_CLKIN1_CLKOUT0)
                                                     -7.406    -4.685 r  u2/inst/mmcm_adv_inst/CLKOUT0
                         net (fo=1, routed)           1.889    -2.796    u2/inst/clk_out1_clk_wiz_0
    BUFGCTRL_X0Y16       BUFG (Prop_bufg_I_O)         0.101    -2.695 r  u2/inst/clkout1_buf/O
                         net (fo=161, routed)         1.851    -0.844    u4/CLK
    SLICE_X109Y69        FDRE                                         r  u4/h_count_reg[3]/C
  -------------------------------------------------------------------    -------------------
    SLICE_X109Y69        FDRE (Prop_fdre_C_Q)         0.419    -0.425 r  u4/h_count_reg[3]/Q
                         net (fo=17, routed)          0.760     0.335    u4/h_count[3]
    SLICE_X109Y69        LUT5 (Prop_lut5_I4_O)        0.296     0.631 f  u4/h_count[10]_i_3/O
                         net (fo=7, routed)           0.838     1.469    u4/h_count[10]_i_3_n_0
    SLICE_X108Y68        LUT6 (Prop_lut6_I0_O)        0.124     1.593 r  u4/v_count[9]_i_1/O
                         net (fo=10, routed)          1.318     2.912    u4/p_0_in__0
    SLICE_X104Y67        FDRE                                         r  u4/v_count_reg[7]/CE
  -------------------------------------------------------------------    -------------------

                         (clock clk_out1_clk_wiz_0 rise edge)
                                                     25.000    25.000 r  
    M19                                               0.000    25.000 r  clk (IN)
                         net (fo=0)                   0.000    25.000    u2/inst/clk_in1
    M19                  IBUF (Prop_ibuf_I_O)         1.366    26.366 r  u2/inst/clkin1_ibufg/O
                         net (fo=1, routed)           1.162    27.528    u2/inst/clk_in1_clk_wiz_0
    MMCME2_ADV_X1Y1      MMCME2_ADV (Prop_mmcme2_adv_CLKIN1_CLKOUT0)
                                                     -7.500    20.028 r  u2/inst/mmcm_adv_inst/CLKOUT0
                         net (fo=1, routed)           1.725    21.753    u2/inst/clk_out1_clk_wiz_0
    BUFGCTRL_X0Y16       BUFG (Prop_bufg_I_O)         0.091    21.844 r  u2/inst/clkout1_buf/O
                         net (fo=161, routed)         1.601    23.445    u4/CLK
    SLICE_X104Y67        FDRE                                         r  u4/v_count_reg[7]/C
                         clock pessimism              0.575    24.020    
                         clock uncertainty           -0.108    23.912    
    SLICE_X104Y67        FDRE (Setup_fdre_C_CE)      -0.169    23.743    u4/v_count_reg[7]
  -------------------------------------------------------------------
                         required time                         23.743    
                         arrival time                          -2.912    
  -------------------------------------------------------------------
                         slack                                 20.832    

Slack (MET) :             20.832ns  (required time - arrival time)
  Source:                 u4/h_count_reg[3]/C
                            (rising edge-triggered cell FDRE clocked by clk_out1_clk_wiz_0  {rise@0.000ns fall@12.500ns period=25.000ns})
  Destination:            u4/v_count_reg[8]/CE
                            (rising edge-triggered cell FDRE clocked by clk_out1_clk_wiz_0  {rise@0.000ns fall@12.500ns period=25.000ns})
  Path Group:             clk_out1_clk_wiz_0
  Path Type:              Setup (Max at Slow Process Corner)
  Requirement:            25.000ns  (clk_out1_clk_wiz_0 rise@25.000ns - clk_out1_clk_wiz_0 rise@0.000ns)
  Data Path Delay:        3.755ns  (logic 0.839ns (22.341%)  route 2.916ns (77.659%))
  Logic Levels:           2  (LUT5=1 LUT6=1)
  Clock Path Skew:        -0.136ns (DCD - SCD + CPR)
    Destination Clock Delay (DCD):    -1.555ns = ( 23.445 - 25.000 ) 
    Source Clock Delay      (SCD):    -0.844ns
    Clock Pessimism Removal (CPR):    0.575ns
  Clock Uncertainty:      0.108ns  ((TSJ^2 + DJ^2)^1/2) / 2 + PE
    Total System Jitter     (TSJ):    0.071ns
    Discrete Jitter          (DJ):    0.204ns
    Phase Error              (PE):    0.000ns

    Location             Delay type                Incr(ns)  Path(ns)    Netlist Resource(s)
  -------------------------------------------------------------------    -------------------
                         (clock clk_out1_clk_wiz_0 rise edge)
                                                      0.000     0.000 r  
    M19                                               0.000     0.000 r  clk (IN)
                         net (fo=0)                   0.000     0.000    u2/inst/clk_in1
    M19                  IBUF (Prop_ibuf_I_O)         1.436     1.436 r  u2/inst/clkin1_ibufg/O
                         net (fo=1, routed)           1.285     2.721    u2/inst/clk_in1_clk_wiz_0
    MMCME2_ADV_X1Y1      MMCME2_ADV (Prop_mmcme2_adv_CLKIN1_CLKOUT0)
                                                     -7.406    -4.685 r  u2/inst/mmcm_adv_inst/CLKOUT0
                         net (fo=1, routed)           1.889    -2.796    u2/inst/clk_out1_clk_wiz_0
    BUFGCTRL_X0Y16       BUFG (Prop_bufg_I_O)         0.101    -2.695 r  u2/inst/clkout1_buf/O
                         net (fo=161, routed)         1.851    -0.844    u4/CLK
    SLICE_X109Y69        FDRE                                         r  u4/h_count_reg[3]/C
  -------------------------------------------------------------------    -------------------
    SLICE_X109Y69        FDRE (Prop_fdre_C_Q)         0.419    -0.425 r  u4/h_count_reg[3]/Q
                         net (fo=17, routed)          0.760     0.335    u4/h_count[3]
    SLICE_X109Y69        LUT5 (Prop_lut5_I4_O)        0.296     0.631 f  u4/h_count[10]_i_3/O
                         net (fo=7, routed)           0.838     1.469    u4/h_count[10]_i_3_n_0
    SLICE_X108Y68        LUT6 (Prop_lut6_I0_O)        0.124     1.593 r  u4/v_count[9]_i_1/O
                         net (fo=10, routed)          1.318     2.912    u4/p_0_in__0
    SLICE_X104Y67        FDRE                                         r  u4/v_count_reg[8]/CE
  -------------------------------------------------------------------    -------------------

                         (clock clk_out1_clk_wiz_0 rise edge)
                                                     25.000    25.000 r  
    M19                                               0.000    25.000 r  clk (IN)
                         net (fo=0)                   0.000    25.000    u2/inst/clk_in1
    M19                  IBUF (Prop_ibuf_I_O)         1.366    26.366 r  u2/inst/clkin1_ibufg/O
                         net (fo=1, routed)           1.162    27.528    u2/inst/clk_in1_clk_wiz_0
    MMCME2_ADV_X1Y1      MMCME2_ADV (Prop_mmcme2_adv_CLKIN1_CLKOUT0)
                                                     -7.500    20.028 r  u2/inst/mmcm_adv_inst/CLKOUT0
                         net (fo=1, routed)           1.725    21.753    u2/inst/clk_out1_clk_wiz_0
    BUFGCTRL_X0Y16       BUFG (Prop_bufg_I_O)         0.091    21.844 r  u2/inst/clkout1_buf/O
                         net (fo=161, routed)         1.601    23.445    u4/CLK
    SLICE_X104Y67        FDRE                                         r  u4/v_count_reg[8]/C
                         clock pessimism              0.575    24.020    
                         clock uncertainty           -0.108    23.912    
    SLICE_X104Y67        FDRE (Setup_fdre_C_CE)      -0.169    23.743    u4/v_count_reg[8]
  -------------------------------------------------------------------
                         required time                         23.743    
                         arrival time                          -2.912    
  -------------------------------------------------------------------
                         slack                                 20.832    

Slack (MET) :             20.860ns  (required time - arrival time)
  Source:                 u1/U0/DataEncoders[0].DataEncoder/pVde_2_reg/C
                            (rising edge-triggered cell FDRE clocked by clk_out1_clk_wiz_0  {rise@0.000ns fall@12.500ns period=25.000ns})
  Destination:            u1/U0/DataEncoders[2].DataEncoder/cnt_t_3_reg[1]/R
                            (rising edge-triggered cell FDRE clocked by clk_out1_clk_wiz_0  {rise@0.000ns fall@12.500ns period=25.000ns})
  Path Group:             clk_out1_clk_wiz_0
  Path Type:              Setup (Max at Slow Process Corner)
  Requirement:            25.000ns  (clk_out1_clk_wiz_0 rise@25.000ns - clk_out1_clk_wiz_0 rise@0.000ns)
  Data Path Delay:        3.336ns  (logic 0.668ns (20.026%)  route 2.668ns (79.974%))
  Logic Levels:           1  (LUT1=1)
  Clock Path Skew:        -0.059ns (DCD - SCD + CPR)
    Destination Clock Delay (DCD):    -1.478ns = ( 23.522 - 25.000 ) 
    Source Clock Delay      (SCD):    -0.844ns
    Clock Pessimism Removal (CPR):    0.575ns
  Clock Uncertainty:      0.108ns  ((TSJ^2 + DJ^2)^1/2) / 2 + PE
    Total System Jitter     (TSJ):    0.071ns
    Discrete Jitter          (DJ):    0.204ns
    Phase Error              (PE):    0.000ns

    Location             Delay type                Incr(ns)  Path(ns)    Netlist Resource(s)
  -------------------------------------------------------------------    -------------------
                         (clock clk_out1_clk_wiz_0 rise edge)
                                                      0.000     0.000 r  
    M19                                               0.000     0.000 r  clk (IN)
                         net (fo=0)                   0.000     0.000    u2/inst/clk_in1
    M19                  IBUF (Prop_ibuf_I_O)         1.436     1.436 r  u2/inst/clkin1_ibufg/O
                         net (fo=1, routed)           1.285     2.721    u2/inst/clk_in1_clk_wiz_0
    MMCME2_ADV_X1Y1      MMCME2_ADV (Prop_mmcme2_adv_CLKIN1_CLKOUT0)
                                                     -7.406    -4.685 r  u2/inst/mmcm_adv_inst/CLKOUT0
                         net (fo=1, routed)           1.889    -2.796    u2/inst/clk_out1_clk_wiz_0
    BUFGCTRL_X0Y16       BUFG (Prop_bufg_I_O)         0.101    -2.695 r  u2/inst/clkout1_buf/O
                         net (fo=161, routed)         1.851    -0.844    u1/U0/DataEncoders[0].DataEncoder/PixelClk
    SLICE_X108Y69        FDRE                                         r  u1/U0/DataEncoders[0].DataEncoder/pVde_2_reg/C
  -------------------------------------------------------------------    -------------------
    SLICE_X108Y69        FDRE (Prop_fdre_C_Q)         0.518    -0.326 f  u1/U0/DataEncoders[0].DataEncoder/pVde_2_reg/Q
                         net (fo=12, routed)          1.200     0.875    u1/U0/DataEncoders[0].DataEncoder/DataEncoders[2].DataEncoder/pVde_2
    SLICE_X113Y70        LUT1 (Prop_lut1_I0_O)        0.150     1.025 r  u1/U0/DataEncoders[0].DataEncoder/cnt_t_3[4]_i_1/O
                         net (fo=32, routed)          1.467     2.492    u1/U0/DataEncoders[2].DataEncoder/SR[0]
    SLICE_X110Y82        FDRE                                         r  u1/U0/DataEncoders[2].DataEncoder/cnt_t_3_reg[1]/R
  -------------------------------------------------------------------    -------------------

                         (clock clk_out1_clk_wiz_0 rise edge)
                                                     25.000    25.000 r  
    M19                                               0.000    25.000 r  clk (IN)
                         net (fo=0)                   0.000    25.000    u2/inst/clk_in1
    M19                  IBUF (Prop_ibuf_I_O)         1.366    26.366 r  u2/inst/clkin1_ibufg/O
                         net (fo=1, routed)           1.162    27.528    u2/inst/clk_in1_clk_wiz_0
    MMCME2_ADV_X1Y1      MMCME2_ADV (Prop_mmcme2_adv_CLKIN1_CLKOUT0)
                                                     -7.500    20.028 r  u2/inst/mmcm_adv_inst/CLKOUT0
                         net (fo=1, routed)           1.725    21.753    u2/inst/clk_out1_clk_wiz_0
    BUFGCTRL_X0Y16       BUFG (Prop_bufg_I_O)         0.091    21.844 r  u2/inst/clkout1_buf/O
                         net (fo=161, routed)         1.678    23.522    u1/U0/DataEncoders[2].DataEncoder/PixelClk
    SLICE_X110Y82        FDRE                                         r  u1/U0/DataEncoders[2].DataEncoder/cnt_t_3_reg[1]/C
                         clock pessimism              0.575    24.097    
                         clock uncertainty           -0.108    23.989    
    SLICE_X110Y82        FDRE (Setup_fdre_C_R)       -0.637    23.352    u1/U0/DataEncoders[2].DataEncoder/cnt_t_3_reg[1]
  -------------------------------------------------------------------
                         required time                         23.352    
                         arrival time                          -2.492    
  -------------------------------------------------------------------
                         slack                                 20.860    

Slack (MET) :             20.860ns  (required time - arrival time)
  Source:                 u1/U0/DataEncoders[0].DataEncoder/pVde_2_reg/C
                            (rising edge-triggered cell FDRE clocked by clk_out1_clk_wiz_0  {rise@0.000ns fall@12.500ns period=25.000ns})
  Destination:            u1/U0/DataEncoders[2].DataEncoder/cnt_t_3_reg[2]/R
                            (rising edge-triggered cell FDRE clocked by clk_out1_clk_wiz_0  {rise@0.000ns fall@12.500ns period=25.000ns})
  Path Group:             clk_out1_clk_wiz_0
  Path Type:              Setup (Max at Slow Process Corner)
  Requirement:            25.000ns  (clk_out1_clk_wiz_0 rise@25.000ns - clk_out1_clk_wiz_0 rise@0.000ns)
  Data Path Delay:        3.336ns  (logic 0.668ns (20.026%)  route 2.668ns (79.974%))
  Logic Levels:           1  (LUT1=1)
  Clock Path Skew:        -0.059ns (DCD - SCD + CPR)
    Destination Clock Delay (DCD):    -1.478ns = ( 23.522 - 25.000 ) 
    Source Clock Delay      (SCD):    -0.844ns
    Clock Pessimism Removal (CPR):    0.575ns
  Clock Uncertainty:      0.108ns  ((TSJ^2 + DJ^2)^1/2) / 2 + PE
    Total System Jitter     (TSJ):    0.071ns
    Discrete Jitter          (DJ):    0.204ns
    Phase Error              (PE):    0.000ns

    Location             Delay type                Incr(ns)  Path(ns)    Netlist Resource(s)
  -------------------------------------------------------------------    -------------------
                         (clock clk_out1_clk_wiz_0 rise edge)
                                                      0.000     0.000 r  
    M19                                               0.000     0.000 r  clk (IN)
                         net (fo=0)                   0.000     0.000    u2/inst/clk_in1
    M19                  IBUF (Prop_ibuf_I_O)         1.436     1.436 r  u2/inst/clkin1_ibufg/O
                         net (fo=1, routed)           1.285     2.721    u2/inst/clk_in1_clk_wiz_0
    MMCME2_ADV_X1Y1      MMCME2_ADV (Prop_mmcme2_adv_CLKIN1_CLKOUT0)
                                                     -7.406    -4.685 r  u2/inst/mmcm_adv_inst/CLKOUT0
                         net (fo=1, routed)           1.889    -2.796    u2/inst/clk_out1_clk_wiz_0
    BUFGCTRL_X0Y16       BUFG (Prop_bufg_I_O)         0.101    -2.695 r  u2/inst/clkout1_buf/O
                         net (fo=161, routed)         1.851    -0.844    u1/U0/DataEncoders[0].DataEncoder/PixelClk
    SLICE_X108Y69        FDRE                                         r  u1/U0/DataEncoders[0].DataEncoder/pVde_2_reg/C
  -------------------------------------------------------------------    -------------------
    SLICE_X108Y69        FDRE (Prop_fdre_C_Q)         0.518    -0.326 f  u1/U0/DataEncoders[0].DataEncoder/pVde_2_reg/Q
                         net (fo=12, routed)          1.200     0.875    u1/U0/DataEncoders[0].DataEncoder/DataEncoders[2].DataEncoder/pVde_2
    SLICE_X113Y70        LUT1 (Prop_lut1_I0_O)        0.150     1.025 r  u1/U0/DataEncoders[0].DataEncoder/cnt_t_3[4]_i_1/O
                         net (fo=32, routed)          1.467     2.492    u1/U0/DataEncoders[2].DataEncoder/SR[0]
    SLICE_X110Y82        FDRE                                         r  u1/U0/DataEncoders[2].DataEncoder/cnt_t_3_reg[2]/R
  -------------------------------------------------------------------    -------------------

                         (clock clk_out1_clk_wiz_0 rise edge)
                                                     25.000    25.000 r  
    M19                                               0.000    25.000 r  clk (IN)
                         net (fo=0)                   0.000    25.000    u2/inst/clk_in1
    M19                  IBUF (Prop_ibuf_I_O)         1.366    26.366 r  u2/inst/clkin1_ibufg/O
                         net (fo=1, routed)           1.162    27.528    u2/inst/clk_in1_clk_wiz_0
    MMCME2_ADV_X1Y1      MMCME2_ADV (Prop_mmcme2_adv_CLKIN1_CLKOUT0)
                                                     -7.500    20.028 r  u2/inst/mmcm_adv_inst/CLKOUT0
                         net (fo=1, routed)           1.725    21.753    u2/inst/clk_out1_clk_wiz_0
    BUFGCTRL_X0Y16       BUFG (Prop_bufg_I_O)         0.091    21.844 r  u2/inst/clkout1_buf/O
                         net (fo=161, routed)         1.678    23.522    u1/U0/DataEncoders[2].DataEncoder/PixelClk
    SLICE_X110Y82        FDRE                                         r  u1/U0/DataEncoders[2].DataEncoder/cnt_t_3_reg[2]/C
                         clock pessimism              0.575    24.097    
                         clock uncertainty           -0.108    23.989    
    SLICE_X110Y82        FDRE (Setup_fdre_C_R)       -0.637    23.352    u1/U0/DataEncoders[2].DataEncoder/cnt_t_3_reg[2]
  -------------------------------------------------------------------
                         required time                         23.352    
                         arrival time                          -2.492    
  -------------------------------------------------------------------
                         slack                                 20.860    





Min Delay Paths
--------------------------------------------------------------------------------------
Slack (MET) :             0.122ns  (arrival time - required time)
  Source:                 u1/U0/LockLostReset/SyncAsyncx/oSyncStages_reg[0]/C
                            (rising edge-triggered cell FDPE clocked by clk_out1_clk_wiz_0  {rise@0.000ns fall@12.500ns period=25.000ns})
  Destination:            u1/U0/LockLostReset/SyncAsyncx/oSyncStages_reg[1]/D
                            (rising edge-triggered cell FDPE clocked by clk_out1_clk_wiz_0  {rise@0.000ns fall@12.500ns period=25.000ns})
  Path Group:             clk_out1_clk_wiz_0
  Path Type:              Hold (Min at Fast Process Corner)
  Requirement:            0.000ns  (clk_out1_clk_wiz_0 rise@0.000ns - clk_out1_clk_wiz_0 rise@0.000ns)
  Data Path Delay:        0.197ns  (logic 0.141ns (71.611%)  route 0.056ns (28.389%))
  Logic Levels:           0  
  Clock Path Skew:        0.000ns (DCD - SCD - CPR)
    Destination Clock Delay (DCD):    -0.861ns
    Source Clock Delay      (SCD):    -0.620ns
    Clock Pessimism Removal (CPR):    -0.241ns

    Location             Delay type                Incr(ns)  Path(ns)    Netlist Resource(s)
  -------------------------------------------------------------------    -------------------
                         (clock clk_out1_clk_wiz_0 rise edge)
                                                      0.000     0.000 r  
    M19                                               0.000     0.000 r  clk (IN)
                         net (fo=0)                   0.000     0.000    u2/inst/clk_in1
    M19                  IBUF (Prop_ibuf_I_O)         0.205     0.205 r  u2/inst/clkin1_ibufg/O
                         net (fo=1, routed)           0.440     0.645    u2/inst/clk_in1_clk_wiz_0
    MMCME2_ADV_X1Y1      MMCME2_ADV (Prop_mmcme2_adv_CLKIN1_CLKOUT0)
                                                     -2.444    -1.799 r  u2/inst/mmcm_adv_inst/CLKOUT0
                         net (fo=1, routed)           0.529    -1.270    u2/inst/clk_out1_clk_wiz_0
    BUFGCTRL_X0Y16       BUFG (Prop_bufg_I_O)         0.026    -1.244 r  u2/inst/clkout1_buf/O
                         net (fo=161, routed)         0.624    -0.620    u1/U0/LockLostReset/SyncAsyncx/PixelClk
    SLICE_X113Y73        FDPE                                         r  u1/U0/LockLostReset/SyncAsyncx/oSyncStages_reg[0]/C
  -------------------------------------------------------------------    -------------------
    SLICE_X113Y73        FDPE (Prop_fdpe_C_Q)         0.141    -0.479 r  u1/U0/LockLostReset/SyncAsyncx/oSyncStages_reg[0]/Q
                         net (fo=1, routed)           0.056    -0.423    u1/U0/LockLostReset/SyncAsyncx/oSyncStages[0]
    SLICE_X113Y73        FDPE                                         r  u1/U0/LockLostReset/SyncAsyncx/oSyncStages_reg[1]/D
  -------------------------------------------------------------------    -------------------

                         (clock clk_out1_clk_wiz_0 rise edge)
                                                      0.000     0.000 r  
    M19                                               0.000     0.000 r  clk (IN)
                         net (fo=0)                   0.000     0.000    u2/inst/clk_in1
    M19                  IBUF (Prop_ibuf_I_O)         0.392     0.392 r  u2/inst/clkin1_ibufg/O
                         net (fo=1, routed)           0.480     0.872    u2/inst/clk_in1_clk_wiz_0
    MMCME2_ADV_X1Y1      MMCME2_ADV (Prop_mmcme2_adv_CLKIN1_CLKOUT0)
                                                     -3.231    -2.359 r  u2/inst/mmcm_adv_inst/CLKOUT0
                         net (fo=1, routed)           0.576    -1.783    u2/inst/clk_out1_clk_wiz_0
    BUFGCTRL_X0Y16       BUFG (Prop_bufg_I_O)         0.029    -1.754 r  u2/inst/clkout1_buf/O
                         net (fo=161, routed)         0.893    -0.861    u1/U0/LockLostReset/SyncAsyncx/PixelClk
    SLICE_X113Y73        FDPE                                         r  u1/U0/LockLostReset/SyncAsyncx/oSyncStages_reg[1]/C
                         clock pessimism              0.241    -0.620    
    SLICE_X113Y73        FDPE (Hold_fdpe_C_D)         0.075    -0.545    u1/U0/LockLostReset/SyncAsyncx/oSyncStages_reg[1]
  -------------------------------------------------------------------
                         required time                          0.545    
                         arrival time                          -0.423    
  -------------------------------------------------------------------
                         slack                                  0.122    

Slack (MET) :             0.143ns  (arrival time - required time)
  Source:                 u1/U0/DataEncoders[1].DataEncoder/q_m_2_reg[0]/C
                            (rising edge-triggered cell FDRE clocked by clk_out1_clk_wiz_0  {rise@0.000ns fall@12.500ns period=25.000ns})
  Destination:            u1/U0/DataEncoders[1].DataEncoder/pDataOutRaw_reg[0]/D
                            (rising edge-triggered cell FDRE clocked by clk_out1_clk_wiz_0  {rise@0.000ns fall@12.500ns period=25.000ns})
  Path Group:             clk_out1_clk_wiz_0
  Path Type:              Hold (Min at Fast Process Corner)
  Requirement:            0.000ns  (clk_out1_clk_wiz_0 rise@0.000ns - clk_out1_clk_wiz_0 rise@0.000ns)
  Data Path Delay:        0.277ns  (logic 0.186ns (67.123%)  route 0.091ns (32.877%))
  Logic Levels:           1  (LUT2=1)
  Clock Path Skew:        0.013ns (DCD - SCD - CPR)
    Destination Clock Delay (DCD):    -0.857ns
    Source Clock Delay      (SCD):    -0.617ns
    Clock Pessimism Removal (CPR):    -0.253ns

    Location             Delay type                Incr(ns)  Path(ns)    Netlist Resource(s)
  -------------------------------------------------------------------    -------------------
                         (clock clk_out1_clk_wiz_0 rise edge)
                                                      0.000     0.000 r  
    M19                                               0.000     0.000 r  clk (IN)
                         net (fo=0)                   0.000     0.000    u2/inst/clk_in1
    M19                  IBUF (Prop_ibuf_I_O)         0.205     0.205 r  u2/inst/clkin1_ibufg/O
                         net (fo=1, routed)           0.440     0.645    u2/inst/clk_in1_clk_wiz_0
    MMCME2_ADV_X1Y1      MMCME2_ADV (Prop_mmcme2_adv_CLKIN1_CLKOUT0)
                                                     -2.444    -1.799 r  u2/inst/mmcm_adv_inst/CLKOUT0
                         net (fo=1, routed)           0.529    -1.270    u2/inst/clk_out1_clk_wiz_0
    BUFGCTRL_X0Y16       BUFG (Prop_bufg_I_O)         0.026    -1.244 r  u2/inst/clkout1_buf/O
                         net (fo=161, routed)         0.627    -0.617    u1/U0/DataEncoders[1].DataEncoder/PixelClk
    SLICE_X113Y79        FDRE                                         r  u1/U0/DataEncoders[1].DataEncoder/q_m_2_reg[0]/C
  -------------------------------------------------------------------    -------------------
    SLICE_X113Y79        FDRE (Prop_fdre_C_Q)         0.141    -0.476 r  u1/U0/DataEncoders[1].DataEncoder/q_m_2_reg[0]/Q
                         net (fo=1, routed)           0.091    -0.385    u1/U0/DataEncoders[1].DataEncoder/q_m_2_reg_n_0_[0]
    SLICE_X112Y79        LUT2 (Prop_lut2_I1_O)        0.045    -0.340 r  u1/U0/DataEncoders[1].DataEncoder/pDataOutRaw[0]_i_1/O
                         net (fo=1, routed)           0.000    -0.340    u1/U0/DataEncoders[1].DataEncoder/pDataOutRaw[0]_i_1_n_0
    SLICE_X112Y79        FDRE                                         r  u1/U0/DataEncoders[1].DataEncoder/pDataOutRaw_reg[0]/D
  -------------------------------------------------------------------    -------------------

                         (clock clk_out1_clk_wiz_0 rise edge)
                                                      0.000     0.000 r  
    M19                                               0.000     0.000 r  clk (IN)
                         net (fo=0)                   0.000     0.000    u2/inst/clk_in1
    M19                  IBUF (Prop_ibuf_I_O)         0.392     0.392 r  u2/inst/clkin1_ibufg/O
                         net (fo=1, routed)           0.480     0.872    u2/inst/clk_in1_clk_wiz_0
    MMCME2_ADV_X1Y1      MMCME2_ADV (Prop_mmcme2_adv_CLKIN1_CLKOUT0)
                                                     -3.231    -2.359 r  u2/inst/mmcm_adv_inst/CLKOUT0
                         net (fo=1, routed)           0.576    -1.783    u2/inst/clk_out1_clk_wiz_0
    BUFGCTRL_X0Y16       BUFG (Prop_bufg_I_O)         0.029    -1.754 r  u2/inst/clkout1_buf/O
                         net (fo=161, routed)         0.897    -0.857    u1/U0/DataEncoders[1].DataEncoder/PixelClk
    SLICE_X112Y79        FDRE                                         r  u1/U0/DataEncoders[1].DataEncoder/pDataOutRaw_reg[0]/C
                         clock pessimism              0.253    -0.604    
    SLICE_X112Y79        FDRE (Hold_fdre_C_D)         0.121    -0.483    u1/U0/DataEncoders[1].DataEncoder/pDataOutRaw_reg[0]
  -------------------------------------------------------------------
                         required time                          0.483    
                         arrival time                          -0.340    
  -------------------------------------------------------------------
                         slack                                  0.143    

Slack (MET) :             0.160ns  (arrival time - required time)
  Source:                 u4/de_reg/C
                            (rising edge-triggered cell FDRE clocked by clk_out1_clk_wiz_0  {rise@0.000ns fall@12.500ns period=25.000ns})
  Destination:            u1/U0/DataEncoders[0].DataEncoder/pVde_1_reg/D
                            (rising edge-triggered cell FDRE clocked by clk_out1_clk_wiz_0  {rise@0.000ns fall@12.500ns period=25.000ns})
  Path Group:             clk_out1_clk_wiz_0
  Path Type:              Hold (Min at Fast Process Corner)
  Requirement:            0.000ns  (clk_out1_clk_wiz_0 rise@0.000ns - clk_out1_clk_wiz_0 rise@0.000ns)
  Data Path Delay:        0.220ns  (logic 0.164ns (74.580%)  route 0.056ns (25.420%))
  Logic Levels:           0  
  Clock Path Skew:        0.000ns (DCD - SCD - CPR)
    Destination Clock Delay (DCD):    -0.859ns
    Source Clock Delay      (SCD):    -0.617ns
    Clock Pessimism Removal (CPR):    -0.242ns

    Location             Delay type                Incr(ns)  Path(ns)    Netlist Resource(s)
  -------------------------------------------------------------------    -------------------
                         (clock clk_out1_clk_wiz_0 rise edge)
                                                      0.000     0.000 r  
    M19                                               0.000     0.000 r  clk (IN)
                         net (fo=0)                   0.000     0.000    u2/inst/clk_in1
    M19                  IBUF (Prop_ibuf_I_O)         0.205     0.205 r  u2/inst/clkin1_ibufg/O
                         net (fo=1, routed)           0.440     0.645    u2/inst/clk_in1_clk_wiz_0
    MMCME2_ADV_X1Y1      MMCME2_ADV (Prop_mmcme2_adv_CLKIN1_CLKOUT0)
                                                     -2.444    -1.799 r  u2/inst/mmcm_adv_inst/CLKOUT0
                         net (fo=1, routed)           0.529    -1.270    u2/inst/clk_out1_clk_wiz_0
    BUFGCTRL_X0Y16       BUFG (Prop_bufg_I_O)         0.026    -1.244 r  u2/inst/clkout1_buf/O
                         net (fo=161, routed)         0.627    -0.617    u4/CLK
    SLICE_X108Y69        FDRE                                         r  u4/de_reg/C
  -------------------------------------------------------------------    -------------------
    SLICE_X108Y69        FDRE (Prop_fdre_C_Q)         0.164    -0.453 r  u4/de_reg/Q
                         net (fo=1, routed)           0.056    -0.397    u1/U0/DataEncoders[0].DataEncoder/vid_pVDE
    SLICE_X108Y69        FDRE                                         r  u1/U0/DataEncoders[0].DataEncoder/pVde_1_reg/D
  -------------------------------------------------------------------    -------------------

                         (clock clk_out1_clk_wiz_0 rise edge)
                                                      0.000     0.000 r  
    M19                                               0.000     0.000 r  clk (IN)
                         net (fo=0)                   0.000     0.000    u2/inst/clk_in1
    M19                  IBUF (Prop_ibuf_I_O)         0.392     0.392 r  u2/inst/clkin1_ibufg/O
                         net (fo=1, routed)           0.480     0.872    u2/inst/clk_in1_clk_wiz_0
    MMCME2_ADV_X1Y1      MMCME2_ADV (Prop_mmcme2_adv_CLKIN1_CLKOUT0)
                                                     -3.231    -2.359 r  u2/inst/mmcm_adv_inst/CLKOUT0
                         net (fo=1, routed)           0.576    -1.783    u2/inst/clk_out1_clk_wiz_0
    BUFGCTRL_X0Y16       BUFG (Prop_bufg_I_O)         0.029    -1.754 r  u2/inst/clkout1_buf/O
                         net (fo=161, routed)         0.895    -0.859    u1/U0/DataEncoders[0].DataEncoder/PixelClk
    SLICE_X108Y69        FDRE                                         r  u1/U0/DataEncoders[0].DataEncoder/pVde_1_reg/C
                         clock pessimism              0.242    -0.617    
    SLICE_X108Y69        FDRE (Hold_fdre_C_D)         0.060    -0.557    u1/U0/DataEncoders[0].DataEncoder/pVde_1_reg
  -------------------------------------------------------------------
                         required time                          0.557    
                         arrival time                          -0.397    
  -------------------------------------------------------------------
                         slack                                  0.160    

Slack (MET) :             0.167ns  (arrival time - required time)
  Source:                 u4/h_count_reg[4]/C
                            (rising edge-triggered cell FDRE clocked by clk_out1_clk_wiz_0  {rise@0.000ns fall@12.500ns period=25.000ns})
  Destination:            u4/de_reg/D
                            (rising edge-triggered cell FDRE clocked by clk_out1_clk_wiz_0  {rise@0.000ns fall@12.500ns period=25.000ns})
  Path Group:             clk_out1_clk_wiz_0
  Path Type:              Hold (Min at Fast Process Corner)
  Requirement:            0.000ns  (clk_out1_clk_wiz_0 rise@0.000ns - clk_out1_clk_wiz_0 rise@0.000ns)
  Data Path Delay:        0.300ns  (logic 0.186ns (62.095%)  route 0.114ns (37.905%))
  Logic Levels:           1  (LUT6=1)
  Clock Path Skew:        0.013ns (DCD - SCD - CPR)
    Destination Clock Delay (DCD):    -0.859ns
    Source Clock Delay      (SCD):    -0.617ns
    Clock Pessimism Removal (CPR):    -0.255ns

    Location             Delay type                Incr(ns)  Path(ns)    Netlist Resource(s)
  -------------------------------------------------------------------    -------------------
                         (clock clk_out1_clk_wiz_0 rise edge)
                                                      0.000     0.000 r  
    M19                                               0.000     0.000 r  clk (IN)
                         net (fo=0)                   0.000     0.000    u2/inst/clk_in1
    M19                  IBUF (Prop_ibuf_I_O)         0.205     0.205 r  u2/inst/clkin1_ibufg/O
                         net (fo=1, routed)           0.440     0.645    u2/inst/clk_in1_clk_wiz_0
    MMCME2_ADV_X1Y1      MMCME2_ADV (Prop_mmcme2_adv_CLKIN1_CLKOUT0)
                                                     -2.444    -1.799 r  u2/inst/mmcm_adv_inst/CLKOUT0
                         net (fo=1, routed)           0.529    -1.270    u2/inst/clk_out1_clk_wiz_0
    BUFGCTRL_X0Y16       BUFG (Prop_bufg_I_O)         0.026    -1.244 r  u2/inst/clkout1_buf/O
                         net (fo=161, routed)         0.627    -0.617    u4/CLK
    SLICE_X109Y69        FDRE                                         r  u4/h_count_reg[4]/C
  -------------------------------------------------------------------    -------------------
    SLICE_X109Y69        FDRE (Prop_fdre_C_Q)         0.141    -0.476 f  u4/h_count_reg[4]/Q
                         net (fo=16, routed)          0.114    -0.363    u4/h_count[4]
    SLICE_X108Y69        LUT6 (Prop_lut6_I1_O)        0.045    -0.318 r  u4/de_i_1/O
                         net (fo=1, routed)           0.000    -0.318    u4/de0
    SLICE_X108Y69        FDRE                                         r  u4/de_reg/D
  -------------------------------------------------------------------    -------------------

                         (clock clk_out1_clk_wiz_0 rise edge)
                                                      0.000     0.000 r  
    M19                                               0.000     0.000 r  clk (IN)
                         net (fo=0)                   0.000     0.000    u2/inst/clk_in1
    M19                  IBUF (Prop_ibuf_I_O)         0.392     0.392 r  u2/inst/clkin1_ibufg/O
                         net (fo=1, routed)           0.480     0.872    u2/inst/clk_in1_clk_wiz_0
    MMCME2_ADV_X1Y1      MMCME2_ADV (Prop_mmcme2_adv_CLKIN1_CLKOUT0)
                                                     -3.231    -2.359 r  u2/inst/mmcm_adv_inst/CLKOUT0
                         net (fo=1, routed)           0.576    -1.783    u2/inst/clk_out1_clk_wiz_0
    BUFGCTRL_X0Y16       BUFG (Prop_bufg_I_O)         0.029    -1.754 r  u2/inst/clkout1_buf/O
                         net (fo=161, routed)         0.895    -0.859    u4/CLK
    SLICE_X108Y69        FDRE                                         r  u4/de_reg/C
                         clock pessimism              0.255    -0.604    
    SLICE_X108Y69        FDRE (Hold_fdre_C_D)         0.120    -0.484    u4/de_reg
  -------------------------------------------------------------------
                         required time                          0.484    
                         arrival time                          -0.318    
  -------------------------------------------------------------------
                         slack                                  0.167    

Slack (MET) :             0.171ns  (arrival time - required time)
  Source:                 u4/hsync_reg/C
                            (rising edge-triggered cell FDRE clocked by clk_out1_clk_wiz_0  {rise@0.000ns fall@12.500ns period=25.000ns})
  Destination:            u1/U0/DataEncoders[0].DataEncoder/pC0_1_reg/D
                            (rising edge-triggered cell FDRE clocked by clk_out1_clk_wiz_0  {rise@0.000ns fall@12.500ns period=25.000ns})
  Path Group:             clk_out1_clk_wiz_0
  Path Type:              Hold (Min at Fast Process Corner)
  Requirement:            0.000ns  (clk_out1_clk_wiz_0 rise@0.000ns - clk_out1_clk_wiz_0 rise@0.000ns)
  Data Path Delay:        0.259ns  (logic 0.141ns (54.442%)  route 0.118ns (45.558%))
  Logic Levels:           0  
  Clock Path Skew:        0.013ns (DCD - SCD - CPR)
    Destination Clock Delay (DCD):    -0.857ns
    Source Clock Delay      (SCD):    -0.617ns
    Clock Pessimism Removal (CPR):    -0.253ns

    Location             Delay type                Incr(ns)  Path(ns)    Netlist Resource(s)
  -------------------------------------------------------------------    -------------------
                         (clock clk_out1_clk_wiz_0 rise edge)
                                                      0.000     0.000 r  
    M19                                               0.000     0.000 r  clk (IN)
                         net (fo=0)                   0.000     0.000    u2/inst/clk_in1
    M19                  IBUF (Prop_ibuf_I_O)         0.205     0.205 r  u2/inst/clkin1_ibufg/O
                         net (fo=1, routed)           0.440     0.645    u2/inst/clk_in1_clk_wiz_0
    MMCME2_ADV_X1Y1      MMCME2_ADV (Prop_mmcme2_adv_CLKIN1_CLKOUT0)
                                                     -2.444    -1.799 r  u2/inst/mmcm_adv_inst/CLKOUT0
                         net (fo=1, routed)           0.529    -1.270    u2/inst/clk_out1_clk_wiz_0
    BUFGCTRL_X0Y16       BUFG (Prop_bufg_I_O)         0.026    -1.244 r  u2/inst/clkout1_buf/O
                         net (fo=161, routed)         0.627    -0.617    u4/CLK
    SLICE_X110Y70        FDRE                                         r  u4/hsync_reg/C
  -------------------------------------------------------------------    -------------------
    SLICE_X110Y70        FDRE (Prop_fdre_C_Q)         0.141    -0.476 r  u4/hsync_reg/Q
                         net (fo=1, routed)           0.118    -0.358    u1/U0/DataEncoders[0].DataEncoder/vid_pHSync
    SLICE_X111Y70        FDRE                                         r  u1/U0/DataEncoders[0].DataEncoder/pC0_1_reg/D
  -------------------------------------------------------------------    -------------------

                         (clock clk_out1_clk_wiz_0 rise edge)
                                                      0.000     0.000 r  
    M19                                               0.000     0.000 r  clk (IN)
                         net (fo=0)                   0.000     0.000    u2/inst/clk_in1
    M19                  IBUF (Prop_ibuf_I_O)         0.392     0.392 r  u2/inst/clkin1_ibufg/O
                         net (fo=1, routed)           0.480     0.872    u2/inst/clk_in1_clk_wiz_0
    MMCME2_ADV_X1Y1      MMCME2_ADV (Prop_mmcme2_adv_CLKIN1_CLKOUT0)
                                                     -3.231    -2.359 r  u2/inst/mmcm_adv_inst/CLKOUT0
                         net (fo=1, routed)           0.576    -1.783    u2/inst/clk_out1_clk_wiz_0
    BUFGCTRL_X0Y16       BUFG (Prop_bufg_I_O)         0.029    -1.754 r  u2/inst/clkout1_buf/O
                         net (fo=161, routed)         0.897    -0.857    u1/U0/DataEncoders[0].DataEncoder/PixelClk
    SLICE_X111Y70        FDRE                                         r  u1/U0/DataEncoders[0].DataEncoder/pC0_1_reg/C
                         clock pessimism              0.253    -0.604    
    SLICE_X111Y70        FDRE (Hold_fdre_C_D)         0.075    -0.529    u1/U0/DataEncoders[0].DataEncoder/pC0_1_reg
  -------------------------------------------------------------------
                         required time                          0.529    
                         arrival time                          -0.358    
  -------------------------------------------------------------------
                         slack                                  0.171    

Slack (MET) :             0.176ns  (arrival time - required time)
  Source:                 u1/U0/DataEncoders[2].DataEncoder/pDataOut_1_reg[6]/C
                            (rising edge-triggered cell FDRE clocked by clk_out1_clk_wiz_0  {rise@0.000ns fall@12.500ns period=25.000ns})
  Destination:            u1/U0/DataEncoders[2].DataEncoder/q_m_2_reg[6]/D
                            (rising edge-triggered cell FDRE clocked by clk_out1_clk_wiz_0  {rise@0.000ns fall@12.500ns period=25.000ns})
  Path Group:             clk_out1_clk_wiz_0
  Path Type:              Hold (Min at Fast Process Corner)
  Requirement:            0.000ns  (clk_out1_clk_wiz_0 rise@0.000ns - clk_out1_clk_wiz_0 rise@0.000ns)
  Data Path Delay:        0.281ns  (logic 0.209ns (74.349%)  route 0.072ns (25.651%))
  Logic Levels:           1  (LUT3=1)
  Clock Path Skew:        0.013ns (DCD - SCD - CPR)
    Destination Clock Delay (DCD):    -0.853ns
    Source Clock Delay      (SCD):    -0.613ns
    Clock Pessimism Removal (CPR):    -0.253ns

    Location             Delay type                Incr(ns)  Path(ns)    Netlist Resource(s)
  -------------------------------------------------------------------    -------------------
                         (clock clk_out1_clk_wiz_0 rise edge)
                                                      0.000     0.000 r  
    M19                                               0.000     0.000 r  clk (IN)
                         net (fo=0)                   0.000     0.000    u2/inst/clk_in1
    M19                  IBUF (Prop_ibuf_I_O)         0.205     0.205 r  u2/inst/clkin1_ibufg/O
                         net (fo=1, routed)           0.440     0.645    u2/inst/clk_in1_clk_wiz_0
    MMCME2_ADV_X1Y1      MMCME2_ADV (Prop_mmcme2_adv_CLKIN1_CLKOUT0)
                                                     -2.444    -1.799 r  u2/inst/mmcm_adv_inst/CLKOUT0
                         net (fo=1, routed)           0.529    -1.270    u2/inst/clk_out1_clk_wiz_0
    BUFGCTRL_X0Y16       BUFG (Prop_bufg_I_O)         0.026    -1.244 r  u2/inst/clkout1_buf/O
                         net (fo=161, routed)         0.631    -0.613    u1/U0/DataEncoders[2].DataEncoder/PixelClk
    SLICE_X112Y83        FDRE                                         r  u1/U0/DataEncoders[2].DataEncoder/pDataOut_1_reg[6]/C
  -------------------------------------------------------------------    -------------------
    SLICE_X112Y83        FDRE (Prop_fdre_C_Q)         0.164    -0.449 r  u1/U0/DataEncoders[2].DataEncoder/pDataOut_1_reg[6]/Q
                         net (fo=4, routed)           0.072    -0.377    u1/U0/DataEncoders[2].DataEncoder/p_5_in
    SLICE_X113Y83        LUT3 (Prop_lut3_I2_O)        0.045    -0.332 r  u1/U0/DataEncoders[2].DataEncoder/q_m_2[6]_i_1/O
                         net (fo=1, routed)           0.000    -0.332    u1/U0/DataEncoders[2].DataEncoder/q_m_2[6]_i_1_n_0
    SLICE_X113Y83        FDRE                                         r  u1/U0/DataEncoders[2].DataEncoder/q_m_2_reg[6]/D
  -------------------------------------------------------------------    -------------------

                         (clock clk_out1_clk_wiz_0 rise edge)
                                                      0.000     0.000 r  
    M19                                               0.000     0.000 r  clk (IN)
                         net (fo=0)                   0.000     0.000    u2/inst/clk_in1
    M19                  IBUF (Prop_ibuf_I_O)         0.392     0.392 r  u2/inst/clkin1_ibufg/O
                         net (fo=1, routed)           0.480     0.872    u2/inst/clk_in1_clk_wiz_0
    MMCME2_ADV_X1Y1      MMCME2_ADV (Prop_mmcme2_adv_CLKIN1_CLKOUT0)
                                                     -3.231    -2.359 r  u2/inst/mmcm_adv_inst/CLKOUT0
                         net (fo=1, routed)           0.576    -1.783    u2/inst/clk_out1_clk_wiz_0
    BUFGCTRL_X0Y16       BUFG (Prop_bufg_I_O)         0.029    -1.754 r  u2/inst/clkout1_buf/O
                         net (fo=161, routed)         0.901    -0.853    u1/U0/DataEncoders[2].DataEncoder/PixelClk
    SLICE_X113Y83        FDRE                                         r  u1/U0/DataEncoders[2].DataEncoder/q_m_2_reg[6]/C
                         clock pessimism              0.253    -0.600    
    SLICE_X113Y83        FDRE (Hold_fdre_C_D)         0.092    -0.508    u1/U0/DataEncoders[2].DataEncoder/q_m_2_reg[6]
  -------------------------------------------------------------------
                         required time                          0.508    
                         arrival time                          -0.332    
  -------------------------------------------------------------------
                         slack                                  0.176    

Slack (MET) :             0.183ns  (arrival time - required time)
  Source:                 u1/U0/DataEncoders[1].DataEncoder/q_m_2_reg[4]/C
                            (rising edge-triggered cell FDRE clocked by clk_out1_clk_wiz_0  {rise@0.000ns fall@12.500ns period=25.000ns})
  Destination:            u1/U0/DataEncoders[1].DataEncoder/pDataOutRaw_reg[4]/D
                            (rising edge-triggered cell FDSE clocked by clk_out1_clk_wiz_0  {rise@0.000ns fall@12.500ns period=25.000ns})
  Path Group:             clk_out1_clk_wiz_0
  Path Type:              Hold (Min at Fast Process Corner)
  Requirement:            0.000ns  (clk_out1_clk_wiz_0 rise@0.000ns - clk_out1_clk_wiz_0 rise@0.000ns)
  Data Path Delay:        0.327ns  (logic 0.187ns (57.168%)  route 0.140ns (42.832%))
  Logic Levels:           1  (LUT2=1)
  Clock Path Skew:        0.013ns (DCD - SCD - CPR)
    Destination Clock Delay (DCD):    -0.857ns
    Source Clock Delay      (SCD):    -0.617ns
    Clock Pessimism Removal (CPR):    -0.253ns

    Location             Delay type                Incr(ns)  Path(ns)    Netlist Resource(s)
  -------------------------------------------------------------------    -------------------
                         (clock clk_out1_clk_wiz_0 rise edge)
                                                      0.000     0.000 r  
    M19                                               0.000     0.000 r  clk (IN)
                         net (fo=0)                   0.000     0.000    u2/inst/clk_in1
    M19                  IBUF (Prop_ibuf_I_O)         0.205     0.205 r  u2/inst/clkin1_ibufg/O
                         net (fo=1, routed)           0.440     0.645    u2/inst/clk_in1_clk_wiz_0
    MMCME2_ADV_X1Y1      MMCME2_ADV (Prop_mmcme2_adv_CLKIN1_CLKOUT0)
                                                     -2.444    -1.799 r  u2/inst/mmcm_adv_inst/CLKOUT0
                         net (fo=1, routed)           0.529    -1.270    u2/inst/clk_out1_clk_wiz_0
    BUFGCTRL_X0Y16       BUFG (Prop_bufg_I_O)         0.026    -1.244 r  u2/inst/clkout1_buf/O
                         net (fo=161, routed)         0.627    -0.617    u1/U0/DataEncoders[1].DataEncoder/PixelClk
    SLICE_X113Y79        FDRE                                         r  u1/U0/DataEncoders[1].DataEncoder/q_m_2_reg[4]/C
  -------------------------------------------------------------------    -------------------
    SLICE_X113Y79        FDRE (Prop_fdre_C_Q)         0.141    -0.476 r  u1/U0/DataEncoders[1].DataEncoder/q_m_2_reg[4]/Q
                         net (fo=1, routed)           0.140    -0.336    u1/U0/DataEncoders[1].DataEncoder/q_m_2_reg_n_0_[4]
    SLICE_X112Y79        LUT2 (Prop_lut2_I0_O)        0.046    -0.290 r  u1/U0/DataEncoders[1].DataEncoder/pDataOutRaw[4]_i_1__0/O
                         net (fo=1, routed)           0.000    -0.290    u1/U0/DataEncoders[1].DataEncoder/pDataOutRaw[4]_i_1__0_n_0
    SLICE_X112Y79        FDSE                                         r  u1/U0/DataEncoders[1].DataEncoder/pDataOutRaw_reg[4]/D
  -------------------------------------------------------------------    -------------------

                         (clock clk_out1_clk_wiz_0 rise edge)
                                                      0.000     0.000 r  
    M19                                               0.000     0.000 r  clk (IN)
                         net (fo=0)                   0.000     0.000    u2/inst/clk_in1
    M19                  IBUF (Prop_ibuf_I_O)         0.392     0.392 r  u2/inst/clkin1_ibufg/O
                         net (fo=1, routed)           0.480     0.872    u2/inst/clk_in1_clk_wiz_0
    MMCME2_ADV_X1Y1      MMCME2_ADV (Prop_mmcme2_adv_CLKIN1_CLKOUT0)
                                                     -3.231    -2.359 r  u2/inst/mmcm_adv_inst/CLKOUT0
                         net (fo=1, routed)           0.576    -1.783    u2/inst/clk_out1_clk_wiz_0
    BUFGCTRL_X0Y16       BUFG (Prop_bufg_I_O)         0.029    -1.754 r  u2/inst/clkout1_buf/O
                         net (fo=161, routed)         0.897    -0.857    u1/U0/DataEncoders[1].DataEncoder/PixelClk
    SLICE_X112Y79        FDSE                                         r  u1/U0/DataEncoders[1].DataEncoder/pDataOutRaw_reg[4]/C
                         clock pessimism              0.253    -0.604    
    SLICE_X112Y79        FDSE (Hold_fdse_C_D)         0.131    -0.473    u1/U0/DataEncoders[1].DataEncoder/pDataOutRaw_reg[4]
  -------------------------------------------------------------------
                         required time                          0.473    
                         arrival time                          -0.290    
  -------------------------------------------------------------------
                         slack                                  0.183    

Slack (MET) :             0.187ns  (arrival time - required time)
  Source:                 u1/U0/DataEncoders[2].DataEncoder/q_m_2_reg[1]/C
                            (rising edge-triggered cell FDRE clocked by clk_out1_clk_wiz_0  {rise@0.000ns fall@12.500ns period=25.000ns})
  Destination:            u1/U0/DataEncoders[2].DataEncoder/pDataOutRaw_reg[1]/D
                            (rising edge-triggered cell FDRE clocked by clk_out1_clk_wiz_0  {rise@0.000ns fall@12.500ns period=25.000ns})
  Path Group:             clk_out1_clk_wiz_0
  Path Type:              Hold (Min at Fast Process Corner)
  Requirement:            0.000ns  (clk_out1_clk_wiz_0 rise@0.000ns - clk_out1_clk_wiz_0 rise@0.000ns)
  Data Path Delay:        0.291ns  (logic 0.209ns (71.796%)  route 0.082ns (28.204%))
  Logic Levels:           1  (LUT2=1)
  Clock Path Skew:        0.013ns (DCD - SCD - CPR)
    Destination Clock Delay (DCD):    -0.852ns
    Source Clock Delay      (SCD):    -0.612ns
    Clock Pessimism Removal (CPR):    -0.253ns

    Location             Delay type                Incr(ns)  Path(ns)    Netlist Resource(s)
  -------------------------------------------------------------------    -------------------
                         (clock clk_out1_clk_wiz_0 rise edge)
                                                      0.000     0.000 r  
    M19                                               0.000     0.000 r  clk (IN)
                         net (fo=0)                   0.000     0.000    u2/inst/clk_in1
    M19                  IBUF (Prop_ibuf_I_O)         0.205     0.205 r  u2/inst/clkin1_ibufg/O
                         net (fo=1, routed)           0.440     0.645    u2/inst/clk_in1_clk_wiz_0
    MMCME2_ADV_X1Y1      MMCME2_ADV (Prop_mmcme2_adv_CLKIN1_CLKOUT0)
                                                     -2.444    -1.799 r  u2/inst/mmcm_adv_inst/CLKOUT0
                         net (fo=1, routed)           0.529    -1.270    u2/inst/clk_out1_clk_wiz_0
    BUFGCTRL_X0Y16       BUFG (Prop_bufg_I_O)         0.026    -1.244 r  u2/inst/clkout1_buf/O
                         net (fo=161, routed)         0.632    -0.612    u1/U0/DataEncoders[2].DataEncoder/PixelClk
    SLICE_X112Y84        FDRE                                         r  u1/U0/DataEncoders[2].DataEncoder/q_m_2_reg[1]/C
  -------------------------------------------------------------------    -------------------
    SLICE_X112Y84        FDRE (Prop_fdre_C_Q)         0.164    -0.448 r  u1/U0/DataEncoders[2].DataEncoder/q_m_2_reg[1]/Q
                         net (fo=1, routed)           0.082    -0.366    u1/U0/DataEncoders[2].DataEncoder/q_m_2_reg_n_0_[1]
    SLICE_X113Y84        LUT2 (Prop_lut2_I1_O)        0.045    -0.321 r  u1/U0/DataEncoders[2].DataEncoder/pDataOutRaw[1]_i_1__0/O
                         net (fo=1, routed)           0.000    -0.321    u1/U0/DataEncoders[2].DataEncoder/pDataOutRaw[1]_i_1__0_n_0
    SLICE_X113Y84        FDRE                                         r  u1/U0/DataEncoders[2].DataEncoder/pDataOutRaw_reg[1]/D
  -------------------------------------------------------------------    -------------------

                         (clock clk_out1_clk_wiz_0 rise edge)
                                                      0.000     0.000 r  
    M19                                               0.000     0.000 r  clk (IN)
                         net (fo=0)                   0.000     0.000    u2/inst/clk_in1
    M19                  IBUF (Prop_ibuf_I_O)         0.392     0.392 r  u2/inst/clkin1_ibufg/O
                         net (fo=1, routed)           0.480     0.872    u2/inst/clk_in1_clk_wiz_0
    MMCME2_ADV_X1Y1      MMCME2_ADV (Prop_mmcme2_adv_CLKIN1_CLKOUT0)
                                                     -3.231    -2.359 r  u2/inst/mmcm_adv_inst/CLKOUT0
                         net (fo=1, routed)           0.576    -1.783    u2/inst/clk_out1_clk_wiz_0
    BUFGCTRL_X0Y16       BUFG (Prop_bufg_I_O)         0.029    -1.754 r  u2/inst/clkout1_buf/O
                         net (fo=161, routed)         0.902    -0.852    u1/U0/DataEncoders[2].DataEncoder/PixelClk
    SLICE_X113Y84        FDRE                                         r  u1/U0/DataEncoders[2].DataEncoder/pDataOutRaw_reg[1]/C
                         clock pessimism              0.253    -0.599    
    SLICE_X113Y84        FDRE (Hold_fdre_C_D)         0.091    -0.508    u1/U0/DataEncoders[2].DataEncoder/pDataOutRaw_reg[1]
  -------------------------------------------------------------------
                         required time                          0.508    
                         arrival time                          -0.321    
  -------------------------------------------------------------------
                         slack                                  0.187    

Slack (MET) :             0.187ns  (arrival time - required time)
  Source:                 u1/U0/DataEncoders[2].DataEncoder/q_m_2_reg[6]/C
                            (rising edge-triggered cell FDRE clocked by clk_out1_clk_wiz_0  {rise@0.000ns fall@12.500ns period=25.000ns})
  Destination:            u1/U0/DataEncoders[2].DataEncoder/pDataOutRaw_reg[6]/D
                            (rising edge-triggered cell FDSE clocked by clk_out1_clk_wiz_0  {rise@0.000ns fall@12.500ns period=25.000ns})
  Path Group:             clk_out1_clk_wiz_0
  Path Type:              Hold (Min at Fast Process Corner)
  Requirement:            0.000ns  (clk_out1_clk_wiz_0 rise@0.000ns - clk_out1_clk_wiz_0 rise@0.000ns)
  Data Path Delay:        0.294ns  (logic 0.186ns (63.228%)  route 0.108ns (36.772%))
  Logic Levels:           1  (LUT2=1)
  Clock Path Skew:        0.015ns (DCD - SCD - CPR)
    Destination Clock Delay (DCD):    -0.852ns
    Source Clock Delay      (SCD):    -0.613ns
    Clock Pessimism Removal (CPR):    -0.254ns

    Location             Delay type                Incr(ns)  Path(ns)    Netlist Resource(s)
  -------------------------------------------------------------------    -------------------
                         (clock clk_out1_clk_wiz_0 rise edge)
                                                      0.000     0.000 r  
    M19                                               0.000     0.000 r  clk (IN)
                         net (fo=0)                   0.000     0.000    u2/inst/clk_in1
    M19                  IBUF (Prop_ibuf_I_O)         0.205     0.205 r  u2/inst/clkin1_ibufg/O
                         net (fo=1, routed)           0.440     0.645    u2/inst/clk_in1_clk_wiz_0
    MMCME2_ADV_X1Y1      MMCME2_ADV (Prop_mmcme2_adv_CLKIN1_CLKOUT0)
                                                     -2.444    -1.799 r  u2/inst/mmcm_adv_inst/CLKOUT0
                         net (fo=1, routed)           0.529    -1.270    u2/inst/clk_out1_clk_wiz_0
    BUFGCTRL_X0Y16       BUFG (Prop_bufg_I_O)         0.026    -1.244 r  u2/inst/clkout1_buf/O
                         net (fo=161, routed)         0.631    -0.613    u1/U0/DataEncoders[2].DataEncoder/PixelClk
    SLICE_X113Y83        FDRE                                         r  u1/U0/DataEncoders[2].DataEncoder/q_m_2_reg[6]/C
  -------------------------------------------------------------------    -------------------
    SLICE_X113Y83        FDRE (Prop_fdre_C_Q)         0.141    -0.472 r  u1/U0/DataEncoders[2].DataEncoder/q_m_2_reg[6]/Q
                         net (fo=1, routed)           0.108    -0.364    u1/U0/DataEncoders[2].DataEncoder/q_m_2_reg_n_0_[6]
    SLICE_X113Y84        LUT2 (Prop_lut2_I0_O)        0.045    -0.319 r  u1/U0/DataEncoders[2].DataEncoder/pDataOutRaw[6]_i_1__1/O
                         net (fo=1, routed)           0.000    -0.319    u1/U0/DataEncoders[2].DataEncoder/pDataOutRaw[6]_i_1__1_n_0
    SLICE_X113Y84        FDSE                                         r  u1/U0/DataEncoders[2].DataEncoder/pDataOutRaw_reg[6]/D
  -------------------------------------------------------------------    -------------------

                         (clock clk_out1_clk_wiz_0 rise edge)
                                                      0.000     0.000 r  
    M19                                               0.000     0.000 r  clk (IN)
                         net (fo=0)                   0.000     0.000    u2/inst/clk_in1
    M19                  IBUF (Prop_ibuf_I_O)         0.392     0.392 r  u2/inst/clkin1_ibufg/O
                         net (fo=1, routed)           0.480     0.872    u2/inst/clk_in1_clk_wiz_0
    MMCME2_ADV_X1Y1      MMCME2_ADV (Prop_mmcme2_adv_CLKIN1_CLKOUT0)
                                                     -3.231    -2.359 r  u2/inst/mmcm_adv_inst/CLKOUT0
                         net (fo=1, routed)           0.576    -1.783    u2/inst/clk_out1_clk_wiz_0
    BUFGCTRL_X0Y16       BUFG (Prop_bufg_I_O)         0.029    -1.754 r  u2/inst/clkout1_buf/O
                         net (fo=161, routed)         0.902    -0.852    u1/U0/DataEncoders[2].DataEncoder/PixelClk
    SLICE_X113Y84        FDSE                                         r  u1/U0/DataEncoders[2].DataEncoder/pDataOutRaw_reg[6]/C
                         clock pessimism              0.254    -0.598    
    SLICE_X113Y84        FDSE (Hold_fdse_C_D)         0.092    -0.506    u1/U0/DataEncoders[2].DataEncoder/pDataOutRaw_reg[6]
  -------------------------------------------------------------------
                         required time                          0.506    
                         arrival time                          -0.319    
  -------------------------------------------------------------------
                         slack                                  0.187    

Slack (MET) :             0.200ns  (arrival time - required time)
  Source:                 u4/rgb_b_reg[7]/C
                            (rising edge-triggered cell FDRE clocked by clk_out1_clk_wiz_0  {rise@0.000ns fall@12.500ns period=25.000ns})
  Destination:            u1/U0/DataEncoders[0].DataEncoder/n1d_1_reg[3]/D
                            (rising edge-triggered cell FDRE clocked by clk_out1_clk_wiz_0  {rise@0.000ns fall@12.500ns period=25.000ns})
  Path Group:             clk_out1_clk_wiz_0
  Path Type:              Hold (Min at Fast Process Corner)
  Requirement:            0.000ns  (clk_out1_clk_wiz_0 rise@0.000ns - clk_out1_clk_wiz_0 rise@0.000ns)
  Data Path Delay:        0.274ns  (logic 0.141ns (51.544%)  route 0.133ns (48.456%))
  Logic Levels:           0  
  Clock Path Skew:        0.015ns (DCD - SCD - CPR)
    Destination Clock Delay (DCD):    -0.856ns
    Source Clock Delay      (SCD):    -0.617ns
    Clock Pessimism Removal (CPR):    -0.254ns

    Location             Delay type                Incr(ns)  Path(ns)    Netlist Resource(s)
  -------------------------------------------------------------------    -------------------
                         (clock clk_out1_clk_wiz_0 rise edge)
                                                      0.000     0.000 r  
    M19                                               0.000     0.000 r  clk (IN)
                         net (fo=0)                   0.000     0.000    u2/inst/clk_in1
    M19                  IBUF (Prop_ibuf_I_O)         0.205     0.205 r  u2/inst/clkin1_ibufg/O
                         net (fo=1, routed)           0.440     0.645    u2/inst/clk_in1_clk_wiz_0
    MMCME2_ADV_X1Y1      MMCME2_ADV (Prop_mmcme2_adv_CLKIN1_CLKOUT0)
                                                     -2.444    -1.799 r  u2/inst/mmcm_adv_inst/CLKOUT0
                         net (fo=1, routed)           0.529    -1.270    u2/inst/clk_out1_clk_wiz_0
    BUFGCTRL_X0Y16       BUFG (Prop_bufg_I_O)         0.026    -1.244 r  u2/inst/clkout1_buf/O
                         net (fo=161, routed)         0.627    -0.617    u4/CLK
    SLICE_X111Y70        FDRE                                         r  u4/rgb_b_reg[7]/C
  -------------------------------------------------------------------    -------------------
    SLICE_X111Y70        FDRE (Prop_fdre_C_Q)         0.141    -0.476 r  u4/rgb_b_reg[7]/Q
                         net (fo=10, routed)          0.133    -0.344    u1/U0/DataEncoders[0].DataEncoder/vid_pData[5]
    SLICE_X112Y69        FDRE                                         r  u1/U0/DataEncoders[0].DataEncoder/n1d_1_reg[3]/D
  -------------------------------------------------------------------    -------------------

                         (clock clk_out1_clk_wiz_0 rise edge)
                                                      0.000     0.000 r  
    M19                                               0.000     0.000 r  clk (IN)
                         net (fo=0)                   0.000     0.000    u2/inst/clk_in1
    M19                  IBUF (Prop_ibuf_I_O)         0.392     0.392 r  u2/inst/clkin1_ibufg/O
                         net (fo=1, routed)           0.480     0.872    u2/inst/clk_in1_clk_wiz_0
    MMCME2_ADV_X1Y1      MMCME2_ADV (Prop_mmcme2_adv_CLKIN1_CLKOUT0)
                                                     -3.231    -2.359 r  u2/inst/mmcm_adv_inst/CLKOUT0
                         net (fo=1, routed)           0.576    -1.783    u2/inst/clk_out1_clk_wiz_0
    BUFGCTRL_X0Y16       BUFG (Prop_bufg_I_O)         0.029    -1.754 r  u2/inst/clkout1_buf/O
                         net (fo=161, routed)         0.898    -0.856    u1/U0/DataEncoders[0].DataEncoder/PixelClk
    SLICE_X112Y69        FDRE                                         r  u1/U0/DataEncoders[0].DataEncoder/n1d_1_reg[3]/C
                         clock pessimism              0.254    -0.602    
    SLICE_X112Y69        FDRE (Hold_fdre_C_D)         0.059    -0.543    u1/U0/DataEncoders[0].DataEncoder/n1d_1_reg[3]
  -------------------------------------------------------------------
                         required time                          0.543    
                         arrival time                          -0.344    
  -------------------------------------------------------------------
                         slack                                  0.200    





Pulse Width Checks
--------------------------------------------------------------------------------------
Clock Name:         clk_out1_clk_wiz_0
Waveform(ns):       { 0.000 12.500 }
Period(ns):         25.000
Sources:            { u2/inst/mmcm_adv_inst/CLKOUT0 }

Check Type        Corner  Lib Pin             Reference Pin  Required(ns)  Actual(ns)  Slack(ns)  Location         Pin
Min Period        n/a     BUFG/I              n/a            2.155         25.000      22.845     BUFGCTRL_X0Y16   u2/inst/clkout1_buf/I
Min Period        n/a     OSERDESE2/CLKDIV    n/a            1.667         25.000      23.333     OLOGIC_X1Y72     u1/U0/ClockSerializer/SerializerMaster/CLKDIV
Min Period        n/a     OSERDESE2/CLKDIV    n/a            1.667         25.000      23.333     OLOGIC_X1Y71     u1/U0/ClockSerializer/SerializerSlave/CLKDIV
Min Period        n/a     OSERDESE2/CLKDIV    n/a            1.667         25.000      23.333     OLOGIC_X1Y70     u1/U0/DataEncoders[0].DataSerializer/SerializerMaster/CLKDIV
Min Period        n/a     OSERDESE2/CLKDIV    n/a            1.667         25.000      23.333     OLOGIC_X1Y69     u1/U0/DataEncoders[0].DataSerializer/SerializerSlave/CLKDIV
Min Period        n/a     OSERDESE2/CLKDIV    n/a            1.667         25.000      23.333     OLOGIC_X1Y80     u1/U0/DataEncoders[1].DataSerializer/SerializerMaster/CLKDIV
Min Period        n/a     OSERDESE2/CLKDIV    n/a            1.667         25.000      23.333     OLOGIC_X1Y79     u1/U0/DataEncoders[1].DataSerializer/SerializerSlave/CLKDIV
Min Period        n/a     OSERDESE2/CLKDIV    n/a            1.667         25.000      23.333     OLOGIC_X1Y84     u1/U0/DataEncoders[2].DataSerializer/SerializerMaster/CLKDIV
Min Period        n/a     OSERDESE2/CLKDIV    n/a            1.667         25.000      23.333     OLOGIC_X1Y83     u1/U0/DataEncoders[2].DataSerializer/SerializerSlave/CLKDIV
Min Period        n/a     MMCME2_ADV/CLKOUT0  n/a            1.249         25.000      23.751     MMCME2_ADV_X1Y1  u2/inst/mmcm_adv_inst/CLKOUT0
Max Period        n/a     MMCME2_ADV/CLKOUT0  n/a            213.360       25.000      188.360    MMCME2_ADV_X1Y1  u2/inst/mmcm_adv_inst/CLKOUT0
Low Pulse Width   Slow    FDRE/C              n/a            0.500         12.500      12.000     SLICE_X110Y67    u1/U0/DataEncoders[0].DataEncoder/cnt_t_3_reg[1]/C
Low Pulse Width   Fast    FDRE/C              n/a            0.500         12.500      12.000     SLICE_X110Y67    u1/U0/DataEncoders[0].DataEncoder/cnt_t_3_reg[1]/C
Low Pulse Width   Slow    FDRE/C              n/a            0.500         12.500      12.000     SLICE_X110Y67    u1/U0/DataEncoders[0].DataEncoder/cnt_t_3_reg[2]/C
Low Pulse Width   Fast    FDRE/C              n/a            0.500         12.500      12.000     SLICE_X110Y67    u1/U0/DataEncoders[0].DataEncoder/cnt_t_3_reg[2]/C
Low Pulse Width   Slow    FDRE/C              n/a            0.500         12.500      12.000     SLICE_X111Y66    u1/U0/DataEncoders[0].DataEncoder/cnt_t_3_reg[3]/C
Low Pulse Width   Fast    FDRE/C              n/a            0.500         12.500      12.000     SLICE_X111Y66    u1/U0/DataEncoders[0].DataEncoder/cnt_t_3_reg[3]/C
Low Pulse Width   Slow    FDRE/C              n/a            0.500         12.500      12.000     SLICE_X110Y66    u1/U0/DataEncoders[0].DataEncoder/cnt_t_3_reg[4]/C
Low Pulse Width   Fast    FDRE/C              n/a            0.500         12.500      12.000     SLICE_X110Y66    u1/U0/DataEncoders[0].DataEncoder/cnt_t_3_reg[4]/C
Low Pulse Width   Slow    FDRE/C              n/a            0.500         12.500      12.000     SLICE_X112Y66    u1/U0/DataEncoders[0].DataEncoder/n0q_m_2_reg[1]/C
Low Pulse Width   Fast    FDRE/C              n/a            0.500         12.500      12.000     SLICE_X112Y66    u1/U0/DataEncoders[0].DataEncoder/n0q_m_2_reg[1]/C
High Pulse Width  Slow    FDRE/C              n/a            0.500         12.500      12.000     SLICE_X110Y67    u1/U0/DataEncoders[0].DataEncoder/cnt_t_3_reg[1]/C
High Pulse Width  Fast    FDRE/C              n/a            0.500         12.500      12.000     SLICE_X110Y67    u1/U0/DataEncoders[0].DataEncoder/cnt_t_3_reg[1]/C
High Pulse Width  Slow    FDRE/C              n/a            0.500         12.500      12.000     SLICE_X110Y67    u1/U0/DataEncoders[0].DataEncoder/cnt_t_3_reg[2]/C
High Pulse Width  Fast    FDRE/C              n/a            0.500         12.500      12.000     SLICE_X110Y67    u1/U0/DataEncoders[0].DataEncoder/cnt_t_3_reg[2]/C
High Pulse Width  Slow    FDRE/C              n/a            0.500         12.500      12.000     SLICE_X111Y66    u1/U0/DataEncoders[0].DataEncoder/cnt_t_3_reg[3]/C
High Pulse Width  Fast    FDRE/C              n/a            0.500         12.500      12.000     SLICE_X111Y66    u1/U0/DataEncoders[0].DataEncoder/cnt_t_3_reg[3]/C
High Pulse Width  Slow    FDRE/C              n/a            0.500         12.500      12.000     SLICE_X110Y66    u1/U0/DataEncoders[0].DataEncoder/cnt_t_3_reg[4]/C
High Pulse Width  Fast    FDRE/C              n/a            0.500         12.500      12.000     SLICE_X110Y66    u1/U0/DataEncoders[0].DataEncoder/cnt_t_3_reg[4]/C
High Pulse Width  Slow    FDRE/C              n/a            0.500         12.500      12.000     SLICE_X112Y66    u1/U0/DataEncoders[0].DataEncoder/n0q_m_2_reg[1]/C
High Pulse Width  Fast    FDRE/C              n/a            0.500         12.500      12.000     SLICE_X112Y66    u1/U0/DataEncoders[0].DataEncoder/n0q_m_2_reg[1]/C



---------------------------------------------------------------------------------------------------
From Clock:  clk_out2_clk_wiz_0
  To Clock:  clk_out2_clk_wiz_0

Setup :           NA  Failing Endpoints,  Worst Slack           NA  ,  Total Violation           NA
Hold  :           NA  Failing Endpoints,  Worst Slack           NA  ,  Total Violation           NA
PW    :            0  Failing Endpoints,  Worst Slack        2.845ns,  Total Violation        0.000ns
---------------------------------------------------------------------------------------------------


Pulse Width Checks
--------------------------------------------------------------------------------------
Clock Name:         clk_out2_clk_wiz_0
Waveform(ns):       { 0.000 2.500 }
Period(ns):         5.000
Sources:            { u2/inst/mmcm_adv_inst/CLKOUT1 }

Check Type  Corner  Lib Pin             Reference Pin  Required(ns)  Actual(ns)  Slack(ns)  Location         Pin
Min Period  n/a     BUFG/I              n/a            2.155         5.000       2.845      BUFGCTRL_X0Y17   u2/inst/clkout2_buf/I
Min Period  n/a     OSERDESE2/CLK       n/a            1.667         5.000       3.333      OLOGIC_X1Y72     u1/U0/ClockSerializer/SerializerMaster/CLK
Min Period  n/a     OSERDESE2/CLK       n/a            1.667         5.000       3.333      OLOGIC_X1Y71     u1/U0/ClockSerializer/SerializerSlave/CLK
Min Period  n/a     OSERDESE2/CLK       n/a            1.667         5.000       3.333      OLOGIC_X1Y70     u1/U0/DataEncoders[0].DataSerializer/SerializerMaster/CLK
Min Period  n/a     OSERDESE2/CLK       n/a            1.667         5.000       3.333      OLOGIC_X1Y69     u1/U0/DataEncoders[0].DataSerializer/SerializerSlave/CLK
Min Period  n/a     OSERDESE2/CLK       n/a            1.667         5.000       3.333      OLOGIC_X1Y80     u1/U0/DataEncoders[1].DataSerializer/SerializerMaster/CLK
Min Period  n/a     OSERDESE2/CLK       n/a            1.667         5.000       3.333      OLOGIC_X1Y79     u1/U0/DataEncoders[1].DataSerializer/SerializerSlave/CLK
Min Period  n/a     OSERDESE2/CLK       n/a            1.667         5.000       3.333      OLOGIC_X1Y84     u1/U0/DataEncoders[2].DataSerializer/SerializerMaster/CLK
Min Period  n/a     OSERDESE2/CLK       n/a            1.667         5.000       3.333      OLOGIC_X1Y83     u1/U0/DataEncoders[2].DataSerializer/SerializerSlave/CLK
Min Period  n/a     MMCME2_ADV/CLKOUT1  n/a            1.249         5.000       3.751      MMCME2_ADV_X1Y1  u2/inst/mmcm_adv_inst/CLKOUT1
Max Period  n/a     MMCME2_ADV/CLKOUT1  n/a            213.360       5.000       208.360    MMCME2_ADV_X1Y1  u2/inst/mmcm_adv_inst/CLKOUT1



---------------------------------------------------------------------------------------------------
From Clock:  clkfbout_clk_wiz_0
  To Clock:  clkfbout_clk_wiz_0

Setup :           NA  Failing Endpoints,  Worst Slack           NA  ,  Total Violation           NA
Hold  :           NA  Failing Endpoints,  Worst Slack           NA  ,  Total Violation           NA
PW    :            0  Failing Endpoints,  Worst Slack       17.845ns,  Total Violation        0.000ns
---------------------------------------------------------------------------------------------------


Pulse Width Checks
--------------------------------------------------------------------------------------
Clock Name:         clkfbout_clk_wiz_0
Waveform(ns):       { 0.000 10.000 }
Period(ns):         20.000
Sources:            { u2/inst/mmcm_adv_inst/CLKFBOUT }

Check Type  Corner  Lib Pin              Reference Pin  Required(ns)  Actual(ns)  Slack(ns)  Location         Pin
Min Period  n/a     BUFG/I               n/a            2.155         20.000      17.845     BUFGCTRL_X0Y18   u2/inst/clkf_buf/I
Min Period  n/a     MMCME2_ADV/CLKFBOUT  n/a            1.249         20.000      18.751     MMCME2_ADV_X1Y1  u2/inst/mmcm_adv_inst/CLKFBOUT
Min Period  n/a     MMCME2_ADV/CLKFBIN   n/a            1.249         20.000      18.751     MMCME2_ADV_X1Y1  u2/inst/mmcm_adv_inst/CLKFBIN
Max Period  n/a     MMCME2_ADV/CLKFBIN   n/a            100.000       20.000      80.000     MMCME2_ADV_X1Y1  u2/inst/mmcm_adv_inst/CLKFBIN
Max Period  n/a     MMCME2_ADV/CLKFBOUT  n/a            213.360       20.000      193.360    MMCME2_ADV_X1Y1  u2/inst/mmcm_adv_inst/CLKFBOUT



--------------------------------------------------------------------------------------
Path Group:  (none)
From Clock:  clk_out2_clk_wiz_0
  To Clock:  

Max Delay             8 Endpoints
Min Delay             8 Endpoints
--------------------------------------------------------------------------------------


Max Delay Paths
--------------------------------------------------------------------------------------
Slack:                    inf
  Source:                 u1/U0/ClockSerializer/SerializerMaster/CLK
                            (rising edge-triggered cell OSERDESE2 clocked by clk_out2_clk_wiz_0  {rise@0.000ns fall@2.500ns period=5.000ns})
  Destination:            TMDS_CLK_n
                            (output port)
  Path Group:             (none)
  Path Type:              Max at Slow Process Corner
  Data Path Delay:        2.323ns  (logic 2.322ns (99.957%)  route 0.001ns (0.043%))
  Logic Levels:           1  (OBUFDS=1)
  Clock Uncertainty:      0.240ns  ((TSJ^2 + DJ^2)^1/2) / 2 + PE
    Total System Jitter     (TSJ):    0.050ns
    Discrete Jitter          (DJ):    0.142ns
    Phase Error              (PE):    0.165ns

    Location             Delay type                Incr(ns)  Path(ns)    Netlist Resource(s)
  -------------------------------------------------------------------    -------------------
                         (clock clk_out2_clk_wiz_0 rise edge)
                                                      0.000     0.000 r  
    M19                                               0.000     0.000 r  clk (IN)
                         net (fo=0)                   0.000     0.000    u2/inst/clk_in1
    M19                  IBUF (Prop_ibuf_I_O)         1.436     1.436 r  u2/inst/clkin1_ibufg/O
                         net (fo=1, routed)           1.285     2.721    u2/inst/clk_in1_clk_wiz_0
    MMCME2_ADV_X1Y1      MMCME2_ADV (Prop_mmcme2_adv_CLKIN1_CLKOUT1)
                                                     -7.406    -4.685 r  u2/inst/mmcm_adv_inst/CLKOUT1
                         net (fo=1, routed)           1.889    -2.796    u2/inst/clk_out2_clk_wiz_0
    BUFGCTRL_X0Y17       BUFG (Prop_bufg_I_O)         0.101    -2.695 r  u2/inst/clkout2_buf/O
                         net (fo=8, routed)           1.871    -0.823    u1/U0/ClockSerializer/SerialClk
    OLOGIC_X1Y72         OSERDESE2                                    r  u1/U0/ClockSerializer/SerializerMaster/CLK
  -------------------------------------------------------------------    -------------------
    OLOGIC_X1Y72         OSERDESE2 (Prop_oserdese2_CLK_OQ)
                                                      0.472    -0.351 r  u1/U0/ClockSerializer/SerializerMaster/OQ
                         net (fo=1, routed)           0.001    -0.350    u1/U0/ClockSerializer/sDataOut
    N19                  OBUFDS (Prop_obufds_I_OB)    1.850     1.500 r  u1/U0/ClockSerializer/OutputBuffer/OB
                         net (fo=0)                   0.000     1.500    TMDS_CLK_n
    N20                                                               r  TMDS_CLK_n (OUT)
  -------------------------------------------------------------------    -------------------

Slack:                    inf
  Source:                 u1/U0/ClockSerializer/SerializerMaster/CLK
                            (rising edge-triggered cell OSERDESE2 clocked by clk_out2_clk_wiz_0  {rise@0.000ns fall@2.500ns period=5.000ns})
  Destination:            TMDS_CLK_p
                            (output port)
  Path Group:             (none)
  Path Type:              Max at Slow Process Corner
  Data Path Delay:        2.322ns  (logic 2.321ns (99.957%)  route 0.001ns (0.043%))
  Logic Levels:           1  (OBUFDS=1)
  Clock Uncertainty:      0.240ns  ((TSJ^2 + DJ^2)^1/2) / 2 + PE
    Total System Jitter     (TSJ):    0.050ns
    Discrete Jitter          (DJ):    0.142ns
    Phase Error              (PE):    0.165ns

    Location             Delay type                Incr(ns)  Path(ns)    Netlist Resource(s)
  -------------------------------------------------------------------    -------------------
                         (clock clk_out2_clk_wiz_0 rise edge)
                                                      0.000     0.000 r  
    M19                                               0.000     0.000 r  clk (IN)
                         net (fo=0)                   0.000     0.000    u2/inst/clk_in1
    M19                  IBUF (Prop_ibuf_I_O)         1.436     1.436 r  u2/inst/clkin1_ibufg/O
                         net (fo=1, routed)           1.285     2.721    u2/inst/clk_in1_clk_wiz_0
    MMCME2_ADV_X1Y1      MMCME2_ADV (Prop_mmcme2_adv_CLKIN1_CLKOUT1)
                                                     -7.406    -4.685 r  u2/inst/mmcm_adv_inst/CLKOUT1
                         net (fo=1, routed)           1.889    -2.796    u2/inst/clk_out2_clk_wiz_0
    BUFGCTRL_X0Y17       BUFG (Prop_bufg_I_O)         0.101    -2.695 r  u2/inst/clkout2_buf/O
                         net (fo=8, routed)           1.871    -0.823    u1/U0/ClockSerializer/SerialClk
    OLOGIC_X1Y72         OSERDESE2                                    r  u1/U0/ClockSerializer/SerializerMaster/CLK
  -------------------------------------------------------------------    -------------------
    OLOGIC_X1Y72         OSERDESE2 (Prop_oserdese2_CLK_OQ)
                                                      0.472    -0.351 r  u1/U0/ClockSerializer/SerializerMaster/OQ
                         net (fo=1, routed)           0.001    -0.350    u1/U0/ClockSerializer/sDataOut
    N19                  OBUFDS (Prop_obufds_I_O)     1.849     1.499 r  u1/U0/ClockSerializer/OutputBuffer/O
                         net (fo=0)                   0.000     1.499    TMDS_CLK_p
    N19                                                               r  TMDS_CLK_p (OUT)
  -------------------------------------------------------------------    -------------------

Slack:                    inf
  Source:                 u1/U0/DataEncoders[2].DataSerializer/SerializerMaster/CLK
                            (rising edge-triggered cell OSERDESE2 clocked by clk_out2_clk_wiz_0  {rise@0.000ns fall@2.500ns period=5.000ns})
  Destination:            TMDS_DATA_n[2]
                            (output port)
  Path Group:             (none)
  Path Type:              Max at Slow Process Corner
  Data Path Delay:        2.313ns  (logic 2.312ns (99.957%)  route 0.001ns (0.043%))
  Logic Levels:           1  (OBUFDS=1)
  Clock Uncertainty:      0.240ns  ((TSJ^2 + DJ^2)^1/2) / 2 + PE
    Total System Jitter     (TSJ):    0.050ns
    Discrete Jitter          (DJ):    0.142ns
    Phase Error              (PE):    0.165ns

    Location             Delay type                Incr(ns)  Path(ns)    Netlist Resource(s)
  -------------------------------------------------------------------    -------------------
                         (clock clk_out2_clk_wiz_0 rise edge)
                                                      0.000     0.000 r  
    M19                                               0.000     0.000 r  clk (IN)
                         net (fo=0)                   0.000     0.000    u2/inst/clk_in1
    M19                  IBUF (Prop_ibuf_I_O)         1.436     1.436 r  u2/inst/clkin1_ibufg/O
                         net (fo=1, routed)           1.285     2.721    u2/inst/clk_in1_clk_wiz_0
    MMCME2_ADV_X1Y1      MMCME2_ADV (Prop_mmcme2_adv_CLKIN1_CLKOUT1)
                                                     -7.406    -4.685 r  u2/inst/mmcm_adv_inst/CLKOUT1
                         net (fo=1, routed)           1.889    -2.796    u2/inst/clk_out2_clk_wiz_0
    BUFGCTRL_X0Y17       BUFG (Prop_bufg_I_O)         0.101    -2.695 r  u2/inst/clkout2_buf/O
                         net (fo=8, routed)           1.880    -0.814    u1/U0/DataEncoders[2].DataSerializer/SerialClk
    OLOGIC_X1Y84         OSERDESE2                                    r  u1/U0/DataEncoders[2].DataSerializer/SerializerMaster/CLK
  -------------------------------------------------------------------    -------------------
    OLOGIC_X1Y84         OSERDESE2 (Prop_oserdese2_CLK_OQ)
                                                      0.472    -0.342 r  u1/U0/DataEncoders[2].DataSerializer/SerializerMaster/OQ
                         net (fo=1, routed)           0.001    -0.341    u1/U0/DataEncoders[2].DataSerializer/sDataOut
    J21                  OBUFDS (Prop_obufds_I_OB)    1.840     1.499 r  u1/U0/DataEncoders[2].DataSerializer/OutputBuffer/OB
                         net (fo=0)                   0.000     1.499    TMDS_DATA_n[2]
    J22                                                               r  TMDS_DATA_n[2] (OUT)
  -------------------------------------------------------------------    -------------------

Slack:                    inf
  Source:                 u1/U0/DataEncoders[2].DataSerializer/SerializerMaster/CLK
                            (rising edge-triggered cell OSERDESE2 clocked by clk_out2_clk_wiz_0  {rise@0.000ns fall@2.500ns period=5.000ns})
  Destination:            TMDS_DATA_p[2]
                            (output port)
  Path Group:             (none)
  Path Type:              Max at Slow Process Corner
  Data Path Delay:        2.312ns  (logic 2.311ns (99.957%)  route 0.001ns (0.043%))
  Logic Levels:           1  (OBUFDS=1)
  Clock Uncertainty:      0.240ns  ((TSJ^2 + DJ^2)^1/2) / 2 + PE
    Total System Jitter     (TSJ):    0.050ns
    Discrete Jitter          (DJ):    0.142ns
    Phase Error              (PE):    0.165ns

    Location             Delay type                Incr(ns)  Path(ns)    Netlist Resource(s)
  -------------------------------------------------------------------    -------------------
                         (clock clk_out2_clk_wiz_0 rise edge)
                                                      0.000     0.000 r  
    M19                                               0.000     0.000 r  clk (IN)
                         net (fo=0)                   0.000     0.000    u2/inst/clk_in1
    M19                  IBUF (Prop_ibuf_I_O)         1.436     1.436 r  u2/inst/clkin1_ibufg/O
                         net (fo=1, routed)           1.285     2.721    u2/inst/clk_in1_clk_wiz_0
    MMCME2_ADV_X1Y1      MMCME2_ADV (Prop_mmcme2_adv_CLKIN1_CLKOUT1)
                                                     -7.406    -4.685 r  u2/inst/mmcm_adv_inst/CLKOUT1
                         net (fo=1, routed)           1.889    -2.796    u2/inst/clk_out2_clk_wiz_0
    BUFGCTRL_X0Y17       BUFG (Prop_bufg_I_O)         0.101    -2.695 r  u2/inst/clkout2_buf/O
                         net (fo=8, routed)           1.880    -0.814    u1/U0/DataEncoders[2].DataSerializer/SerialClk
    OLOGIC_X1Y84         OSERDESE2                                    r  u1/U0/DataEncoders[2].DataSerializer/SerializerMaster/CLK
  -------------------------------------------------------------------    -------------------
    OLOGIC_X1Y84         OSERDESE2 (Prop_oserdese2_CLK_OQ)
                                                      0.472    -0.342 r  u1/U0/DataEncoders[2].DataSerializer/SerializerMaster/OQ
                         net (fo=1, routed)           0.001    -0.341    u1/U0/DataEncoders[2].DataSerializer/sDataOut
    J21                  OBUFDS (Prop_obufds_I_O)     1.839     1.498 r  u1/U0/DataEncoders[2].DataSerializer/OutputBuffer/O
                         net (fo=0)                   0.000     1.498    TMDS_DATA_p[2]
    J21                                                               r  TMDS_DATA_p[2] (OUT)
  -------------------------------------------------------------------    -------------------

Slack:                    inf
  Source:                 u1/U0/DataEncoders[0].DataSerializer/SerializerMaster/CLK
                            (rising edge-triggered cell OSERDESE2 clocked by clk_out2_clk_wiz_0  {rise@0.000ns fall@2.500ns period=5.000ns})
  Destination:            TMDS_DATA_n[0]
                            (output port)
  Path Group:             (none)
  Path Type:              Max at Slow Process Corner
  Data Path Delay:        2.316ns  (logic 2.315ns (99.957%)  route 0.001ns (0.043%))
  Logic Levels:           1  (OBUFDS=1)
  Clock Uncertainty:      0.240ns  ((TSJ^2 + DJ^2)^1/2) / 2 + PE
    Total System Jitter     (TSJ):    0.050ns
    Discrete Jitter          (DJ):    0.142ns
    Phase Error              (PE):    0.165ns

    Location             Delay type                Incr(ns)  Path(ns)    Netlist Resource(s)
  -------------------------------------------------------------------    -------------------
                         (clock clk_out2_clk_wiz_0 rise edge)
                                                      0.000     0.000 r  
    M19                                               0.000     0.000 r  clk (IN)
                         net (fo=0)                   0.000     0.000    u2/inst/clk_in1
    M19                  IBUF (Prop_ibuf_I_O)         1.436     1.436 r  u2/inst/clkin1_ibufg/O
                         net (fo=1, routed)           1.285     2.721    u2/inst/clk_in1_clk_wiz_0
    MMCME2_ADV_X1Y1      MMCME2_ADV (Prop_mmcme2_adv_CLKIN1_CLKOUT1)
                                                     -7.406    -4.685 r  u2/inst/mmcm_adv_inst/CLKOUT1
                         net (fo=1, routed)           1.889    -2.796    u2/inst/clk_out2_clk_wiz_0
    BUFGCTRL_X0Y17       BUFG (Prop_bufg_I_O)         0.101    -2.695 r  u2/inst/clkout2_buf/O
                         net (fo=8, routed)           1.873    -0.821    u1/U0/DataEncoders[0].DataSerializer/SerialClk
    OLOGIC_X1Y70         OSERDESE2                                    r  u1/U0/DataEncoders[0].DataSerializer/SerializerMaster/CLK
  -------------------------------------------------------------------    -------------------
    OLOGIC_X1Y70         OSERDESE2 (Prop_oserdese2_CLK_OQ)
                                                      0.472    -0.349 r  u1/U0/DataEncoders[0].DataSerializer/SerializerMaster/OQ
                         net (fo=1, routed)           0.001    -0.348    u1/U0/DataEncoders[0].DataSerializer/sDataOut
    M21                  OBUFDS (Prop_obufds_I_OB)    1.843     1.495 r  u1/U0/DataEncoders[0].DataSerializer/OutputBuffer/OB
                         net (fo=0)                   0.000     1.495    TMDS_DATA_n[0]
    M22                                                               r  TMDS_DATA_n[0] (OUT)
  -------------------------------------------------------------------    -------------------

Slack:                    inf
  Source:                 u1/U0/DataEncoders[0].DataSerializer/SerializerMaster/CLK
                            (rising edge-triggered cell OSERDESE2 clocked by clk_out2_clk_wiz_0  {rise@0.000ns fall@2.500ns period=5.000ns})
  Destination:            TMDS_DATA_p[0]
                            (output port)
  Path Group:             (none)
  Path Type:              Max at Slow Process Corner
  Data Path Delay:        2.315ns  (logic 2.314ns (99.957%)  route 0.001ns (0.043%))
  Logic Levels:           1  (OBUFDS=1)
  Clock Uncertainty:      0.240ns  ((TSJ^2 + DJ^2)^1/2) / 2 + PE
    Total System Jitter     (TSJ):    0.050ns
    Discrete Jitter          (DJ):    0.142ns
    Phase Error              (PE):    0.165ns

    Location             Delay type                Incr(ns)  Path(ns)    Netlist Resource(s)
  -------------------------------------------------------------------    -------------------
                         (clock clk_out2_clk_wiz_0 rise edge)
                                                      0.000     0.000 r  
    M19                                               0.000     0.000 r  clk (IN)
                         net (fo=0)                   0.000     0.000    u2/inst/clk_in1
    M19                  IBUF (Prop_ibuf_I_O)         1.436     1.436 r  u2/inst/clkin1_ibufg/O
                         net (fo=1, routed)           1.285     2.721    u2/inst/clk_in1_clk_wiz_0
    MMCME2_ADV_X1Y1      MMCME2_ADV (Prop_mmcme2_adv_CLKIN1_CLKOUT1)
                                                     -7.406    -4.685 r  u2/inst/mmcm_adv_inst/CLKOUT1
                         net (fo=1, routed)           1.889    -2.796    u2/inst/clk_out2_clk_wiz_0
    BUFGCTRL_X0Y17       BUFG (Prop_bufg_I_O)         0.101    -2.695 r  u2/inst/clkout2_buf/O
                         net (fo=8, routed)           1.873    -0.821    u1/U0/DataEncoders[0].DataSerializer/SerialClk
    OLOGIC_X1Y70         OSERDESE2                                    r  u1/U0/DataEncoders[0].DataSerializer/SerializerMaster/CLK
  -------------------------------------------------------------------    -------------------
    OLOGIC_X1Y70         OSERDESE2 (Prop_oserdese2_CLK_OQ)
                                                      0.472    -0.349 r  u1/U0/DataEncoders[0].DataSerializer/SerializerMaster/OQ
                         net (fo=1, routed)           0.001    -0.348    u1/U0/DataEncoders[0].DataSerializer/sDataOut
    M21                  OBUFDS (Prop_obufds_I_O)     1.842     1.494 r  u1/U0/DataEncoders[0].DataSerializer/OutputBuffer/O
                         net (fo=0)                   0.000     1.494    TMDS_DATA_p[0]
    M21                                                               r  TMDS_DATA_p[0] (OUT)
  -------------------------------------------------------------------    -------------------

Slack:                    inf
  Source:                 u1/U0/DataEncoders[1].DataSerializer/SerializerMaster/CLK
                            (rising edge-triggered cell OSERDESE2 clocked by clk_out2_clk_wiz_0  {rise@0.000ns fall@2.500ns period=5.000ns})
  Destination:            TMDS_DATA_n[1]
                            (output port)
  Path Group:             (none)
  Path Type:              Max at Slow Process Corner
  Data Path Delay:        2.298ns  (logic 2.297ns (99.956%)  route 0.001ns (0.044%))
  Logic Levels:           1  (OBUFDS=1)
  Clock Uncertainty:      0.240ns  ((TSJ^2 + DJ^2)^1/2) / 2 + PE
    Total System Jitter     (TSJ):    0.050ns
    Discrete Jitter          (DJ):    0.142ns
    Phase Error              (PE):    0.165ns

    Location             Delay type                Incr(ns)  Path(ns)    Netlist Resource(s)
  -------------------------------------------------------------------    -------------------
                         (clock clk_out2_clk_wiz_0 rise edge)
                                                      0.000     0.000 r  
    M19                                               0.000     0.000 r  clk (IN)
                         net (fo=0)                   0.000     0.000    u2/inst/clk_in1
    M19                  IBUF (Prop_ibuf_I_O)         1.436     1.436 r  u2/inst/clkin1_ibufg/O
                         net (fo=1, routed)           1.285     2.721    u2/inst/clk_in1_clk_wiz_0
    MMCME2_ADV_X1Y1      MMCME2_ADV (Prop_mmcme2_adv_CLKIN1_CLKOUT1)
                                                     -7.406    -4.685 r  u2/inst/mmcm_adv_inst/CLKOUT1
                         net (fo=1, routed)           1.889    -2.796    u2/inst/clk_out2_clk_wiz_0
    BUFGCTRL_X0Y17       BUFG (Prop_bufg_I_O)         0.101    -2.695 r  u2/inst/clkout2_buf/O
                         net (fo=8, routed)           1.873    -0.821    u1/U0/DataEncoders[1].DataSerializer/SerialClk
    OLOGIC_X1Y80         OSERDESE2                                    r  u1/U0/DataEncoders[1].DataSerializer/SerializerMaster/CLK
  -------------------------------------------------------------------    -------------------
    OLOGIC_X1Y80         OSERDESE2 (Prop_oserdese2_CLK_OQ)
                                                      0.472    -0.349 r  u1/U0/DataEncoders[1].DataSerializer/SerializerMaster/OQ
                         net (fo=1, routed)           0.001    -0.348    u1/U0/DataEncoders[1].DataSerializer/sDataOut
    L21                  OBUFDS (Prop_obufds_I_OB)    1.825     1.477 r  u1/U0/DataEncoders[1].DataSerializer/OutputBuffer/OB
                         net (fo=0)                   0.000     1.477    TMDS_DATA_n[1]
    L22                                                               r  TMDS_DATA_n[1] (OUT)
  -------------------------------------------------------------------    -------------------

Slack:                    inf
  Source:                 u1/U0/DataEncoders[1].DataSerializer/SerializerMaster/CLK
                            (rising edge-triggered cell OSERDESE2 clocked by clk_out2_clk_wiz_0  {rise@0.000ns fall@2.500ns period=5.000ns})
  Destination:            TMDS_DATA_p[1]
                            (output port)
  Path Group:             (none)
  Path Type:              Max at Slow Process Corner
  Data Path Delay:        2.297ns  (logic 2.296ns (99.956%)  route 0.001ns (0.044%))
  Logic Levels:           1  (OBUFDS=1)
  Clock Uncertainty:      0.240ns  ((TSJ^2 + DJ^2)^1/2) / 2 + PE
    Total System Jitter     (TSJ):    0.050ns
    Discrete Jitter          (DJ):    0.142ns
    Phase Error              (PE):    0.165ns

    Location             Delay type                Incr(ns)  Path(ns)    Netlist Resource(s)
  -------------------------------------------------------------------    -------------------
                         (clock clk_out2_clk_wiz_0 rise edge)
                                                      0.000     0.000 r  
    M19                                               0.000     0.000 r  clk (IN)
                         net (fo=0)                   0.000     0.000    u2/inst/clk_in1
    M19                  IBUF (Prop_ibuf_I_O)         1.436     1.436 r  u2/inst/clkin1_ibufg/O
                         net (fo=1, routed)           1.285     2.721    u2/inst/clk_in1_clk_wiz_0
    MMCME2_ADV_X1Y1      MMCME2_ADV (Prop_mmcme2_adv_CLKIN1_CLKOUT1)
                                                     -7.406    -4.685 r  u2/inst/mmcm_adv_inst/CLKOUT1
                         net (fo=1, routed)           1.889    -2.796    u2/inst/clk_out2_clk_wiz_0
    BUFGCTRL_X0Y17       BUFG (Prop_bufg_I_O)         0.101    -2.695 r  u2/inst/clkout2_buf/O
                         net (fo=8, routed)           1.873    -0.821    u1/U0/DataEncoders[1].DataSerializer/SerialClk
    OLOGIC_X1Y80         OSERDESE2                                    r  u1/U0/DataEncoders[1].DataSerializer/SerializerMaster/CLK
  -------------------------------------------------------------------    -------------------
    OLOGIC_X1Y80         OSERDESE2 (Prop_oserdese2_CLK_OQ)
                                                      0.472    -0.349 r  u1/U0/DataEncoders[1].DataSerializer/SerializerMaster/OQ
                         net (fo=1, routed)           0.001    -0.348    u1/U0/DataEncoders[1].DataSerializer/sDataOut
    L21                  OBUFDS (Prop_obufds_I_O)     1.824     1.476 r  u1/U0/DataEncoders[1].DataSerializer/OutputBuffer/O
                         net (fo=0)                   0.000     1.476    TMDS_DATA_p[1]
    L21                                                               r  TMDS_DATA_p[1] (OUT)
  -------------------------------------------------------------------    -------------------





Min Delay Paths
--------------------------------------------------------------------------------------
Slack:                    inf
  Source:                 u1/U0/DataEncoders[1].DataSerializer/SerializerMaster/CLK
                            (rising edge-triggered cell OSERDESE2 clocked by clk_out2_clk_wiz_0  {rise@0.000ns fall@2.500ns period=5.000ns})
  Destination:            TMDS_DATA_p[1]
                            (output port)
  Path Group:             (none)
  Path Type:              Min at Fast Process Corner
  Data Path Delay:        0.951ns  (logic 0.950ns (99.895%)  route 0.001ns (0.105%))
  Logic Levels:           1  (OBUFDS=1)
  Clock Uncertainty:      0.240ns  ((TSJ^2 + DJ^2)^1/2) / 2 + PE
    Total System Jitter     (TSJ):    0.050ns
    Discrete Jitter          (DJ):    0.142ns
    Phase Error              (PE):    0.165ns

    Location             Delay type                Incr(ns)  Path(ns)    Netlist Resource(s)
  -------------------------------------------------------------------    -------------------
                         (clock clk_out2_clk_wiz_0 rise edge)
                                                      0.000     0.000 r  
    M19                                               0.000     0.000 r  clk (IN)
                         net (fo=0)                   0.000     0.000    u2/inst/clk_in1
    M19                  IBUF (Prop_ibuf_I_O)         0.205     0.205 r  u2/inst/clkin1_ibufg/O
                         net (fo=1, routed)           0.440     0.645    u2/inst/clk_in1_clk_wiz_0
    MMCME2_ADV_X1Y1      MMCME2_ADV (Prop_mmcme2_adv_CLKIN1_CLKOUT1)
                                                     -2.444    -1.799 r  u2/inst/mmcm_adv_inst/CLKOUT1
                         net (fo=1, routed)           0.529    -1.270    u2/inst/clk_out2_clk_wiz_0
    BUFGCTRL_X0Y17       BUFG (Prop_bufg_I_O)         0.026    -1.244 r  u2/inst/clkout2_buf/O
                         net (fo=8, routed)           0.621    -0.623    u1/U0/DataEncoders[1].DataSerializer/SerialClk
    OLOGIC_X1Y80         OSERDESE2                                    r  u1/U0/DataEncoders[1].DataSerializer/SerializerMaster/CLK
  -------------------------------------------------------------------    -------------------
    OLOGIC_X1Y80         OSERDESE2 (Prop_oserdese2_CLK_OQ)
                                                      0.177    -0.446 r  u1/U0/DataEncoders[1].DataSerializer/SerializerMaster/OQ
                         net (fo=1, routed)           0.001    -0.445    u1/U0/DataEncoders[1].DataSerializer/sDataOut
    L21                  OBUFDS (Prop_obufds_I_O)     0.773     0.328 r  u1/U0/DataEncoders[1].DataSerializer/OutputBuffer/O
                         net (fo=0)                   0.000     0.328    TMDS_DATA_p[1]
    L21                                                               r  TMDS_DATA_p[1] (OUT)
  -------------------------------------------------------------------    -------------------

Slack:                    inf
  Source:                 u1/U0/DataEncoders[1].DataSerializer/SerializerMaster/CLK
                            (rising edge-triggered cell OSERDESE2 clocked by clk_out2_clk_wiz_0  {rise@0.000ns fall@2.500ns period=5.000ns})
  Destination:            TMDS_DATA_n[1]
                            (output port)
  Path Group:             (none)
  Path Type:              Min at Fast Process Corner
  Data Path Delay:        0.952ns  (logic 0.951ns (99.895%)  route 0.001ns (0.105%))
  Logic Levels:           1  (OBUFDS=1)
  Clock Uncertainty:      0.240ns  ((TSJ^2 + DJ^2)^1/2) / 2 + PE
    Total System Jitter     (TSJ):    0.050ns
    Discrete Jitter          (DJ):    0.142ns
    Phase Error              (PE):    0.165ns

    Location             Delay type                Incr(ns)  Path(ns)    Netlist Resource(s)
  -------------------------------------------------------------------    -------------------
                         (clock clk_out2_clk_wiz_0 rise edge)
                                                      0.000     0.000 r  
    M19                                               0.000     0.000 r  clk (IN)
                         net (fo=0)                   0.000     0.000    u2/inst/clk_in1
    M19                  IBUF (Prop_ibuf_I_O)         0.205     0.205 r  u2/inst/clkin1_ibufg/O
                         net (fo=1, routed)           0.440     0.645    u2/inst/clk_in1_clk_wiz_0
    MMCME2_ADV_X1Y1      MMCME2_ADV (Prop_mmcme2_adv_CLKIN1_CLKOUT1)
                                                     -2.444    -1.799 r  u2/inst/mmcm_adv_inst/CLKOUT1
                         net (fo=1, routed)           0.529    -1.270    u2/inst/clk_out2_clk_wiz_0
    BUFGCTRL_X0Y17       BUFG (Prop_bufg_I_O)         0.026    -1.244 r  u2/inst/clkout2_buf/O
                         net (fo=8, routed)           0.621    -0.623    u1/U0/DataEncoders[1].DataSerializer/SerialClk
    OLOGIC_X1Y80         OSERDESE2                                    r  u1/U0/DataEncoders[1].DataSerializer/SerializerMaster/CLK
  -------------------------------------------------------------------    -------------------
    OLOGIC_X1Y80         OSERDESE2 (Prop_oserdese2_CLK_OQ)
                                                      0.177    -0.446 r  u1/U0/DataEncoders[1].DataSerializer/SerializerMaster/OQ
                         net (fo=1, routed)           0.001    -0.445    u1/U0/DataEncoders[1].DataSerializer/sDataOut
    L21                  OBUFDS (Prop_obufds_I_OB)    0.774     0.329 r  u1/U0/DataEncoders[1].DataSerializer/OutputBuffer/OB
                         net (fo=0)                   0.000     0.329    TMDS_DATA_n[1]
    L22                                                               r  TMDS_DATA_n[1] (OUT)
  -------------------------------------------------------------------    -------------------

Slack:                    inf
  Source:                 u1/U0/DataEncoders[0].DataSerializer/SerializerMaster/CLK
                            (rising edge-triggered cell OSERDESE2 clocked by clk_out2_clk_wiz_0  {rise@0.000ns fall@2.500ns period=5.000ns})
  Destination:            TMDS_DATA_p[0]
                            (output port)
  Path Group:             (none)
  Path Type:              Min at Fast Process Corner
  Data Path Delay:        0.969ns  (logic 0.968ns (99.897%)  route 0.001ns (0.103%))
  Logic Levels:           1  (OBUFDS=1)
  Clock Uncertainty:      0.240ns  ((TSJ^2 + DJ^2)^1/2) / 2 + PE
    Total System Jitter     (TSJ):    0.050ns
    Discrete Jitter          (DJ):    0.142ns
    Phase Error              (PE):    0.165ns

    Location             Delay type                Incr(ns)  Path(ns)    Netlist Resource(s)
  -------------------------------------------------------------------    -------------------
                         (clock clk_out2_clk_wiz_0 rise edge)
                                                      0.000     0.000 r  
    M19                                               0.000     0.000 r  clk (IN)
                         net (fo=0)                   0.000     0.000    u2/inst/clk_in1
    M19                  IBUF (Prop_ibuf_I_O)         0.205     0.205 r  u2/inst/clkin1_ibufg/O
                         net (fo=1, routed)           0.440     0.645    u2/inst/clk_in1_clk_wiz_0
    MMCME2_ADV_X1Y1      MMCME2_ADV (Prop_mmcme2_adv_CLKIN1_CLKOUT1)
                                                     -2.444    -1.799 r  u2/inst/mmcm_adv_inst/CLKOUT1
                         net (fo=1, routed)           0.529    -1.270    u2/inst/clk_out2_clk_wiz_0
    BUFGCTRL_X0Y17       BUFG (Prop_bufg_I_O)         0.026    -1.244 r  u2/inst/clkout2_buf/O
                         net (fo=8, routed)           0.621    -0.623    u1/U0/DataEncoders[0].DataSerializer/SerialClk
    OLOGIC_X1Y70         OSERDESE2                                    r  u1/U0/DataEncoders[0].DataSerializer/SerializerMaster/CLK
  -------------------------------------------------------------------    -------------------
    OLOGIC_X1Y70         OSERDESE2 (Prop_oserdese2_CLK_OQ)
                                                      0.177    -0.446 r  u1/U0/DataEncoders[0].DataSerializer/SerializerMaster/OQ
                         net (fo=1, routed)           0.001    -0.445    u1/U0/DataEncoders[0].DataSerializer/sDataOut
    M21                  OBUFDS (Prop_obufds_I_O)     0.791     0.346 r  u1/U0/DataEncoders[0].DataSerializer/OutputBuffer/O
                         net (fo=0)                   0.000     0.346    TMDS_DATA_p[0]
    M21                                                               r  TMDS_DATA_p[0] (OUT)
  -------------------------------------------------------------------    -------------------

Slack:                    inf
  Source:                 u1/U0/DataEncoders[2].DataSerializer/SerializerMaster/CLK
                            (rising edge-triggered cell OSERDESE2 clocked by clk_out2_clk_wiz_0  {rise@0.000ns fall@2.500ns period=5.000ns})
  Destination:            TMDS_DATA_p[2]
                            (output port)
  Path Group:             (none)
  Path Type:              Min at Fast Process Corner
  Data Path Delay:        0.966ns  (logic 0.965ns (99.896%)  route 0.001ns (0.104%))
  Logic Levels:           1  (OBUFDS=1)
  Clock Uncertainty:      0.240ns  ((TSJ^2 + DJ^2)^1/2) / 2 + PE
    Total System Jitter     (TSJ):    0.050ns
    Discrete Jitter          (DJ):    0.142ns
    Phase Error              (PE):    0.165ns

    Location             Delay type                Incr(ns)  Path(ns)    Netlist Resource(s)
  -------------------------------------------------------------------    -------------------
                         (clock clk_out2_clk_wiz_0 rise edge)
                                                      0.000     0.000 r  
    M19                                               0.000     0.000 r  clk (IN)
                         net (fo=0)                   0.000     0.000    u2/inst/clk_in1
    M19                  IBUF (Prop_ibuf_I_O)         0.205     0.205 r  u2/inst/clkin1_ibufg/O
                         net (fo=1, routed)           0.440     0.645    u2/inst/clk_in1_clk_wiz_0
    MMCME2_ADV_X1Y1      MMCME2_ADV (Prop_mmcme2_adv_CLKIN1_CLKOUT1)
                                                     -2.444    -1.799 r  u2/inst/mmcm_adv_inst/CLKOUT1
                         net (fo=1, routed)           0.529    -1.270    u2/inst/clk_out2_clk_wiz_0
    BUFGCTRL_X0Y17       BUFG (Prop_bufg_I_O)         0.026    -1.244 r  u2/inst/clkout2_buf/O
                         net (fo=8, routed)           0.625    -0.619    u1/U0/DataEncoders[2].DataSerializer/SerialClk
    OLOGIC_X1Y84         OSERDESE2                                    r  u1/U0/DataEncoders[2].DataSerializer/SerializerMaster/CLK
  -------------------------------------------------------------------    -------------------
    OLOGIC_X1Y84         OSERDESE2 (Prop_oserdese2_CLK_OQ)
                                                      0.177    -0.442 r  u1/U0/DataEncoders[2].DataSerializer/SerializerMaster/OQ
                         net (fo=1, routed)           0.001    -0.441    u1/U0/DataEncoders[2].DataSerializer/sDataOut
    J21                  OBUFDS (Prop_obufds_I_O)     0.788     0.347 r  u1/U0/DataEncoders[2].DataSerializer/OutputBuffer/O
                         net (fo=0)                   0.000     0.347    TMDS_DATA_p[2]
    J21                                                               r  TMDS_DATA_p[2] (OUT)
  -------------------------------------------------------------------    -------------------

Slack:                    inf
  Source:                 u1/U0/DataEncoders[0].DataSerializer/SerializerMaster/CLK
                            (rising edge-triggered cell OSERDESE2 clocked by clk_out2_clk_wiz_0  {rise@0.000ns fall@2.500ns period=5.000ns})
  Destination:            TMDS_DATA_n[0]
                            (output port)
  Path Group:             (none)
  Path Type:              Min at Fast Process Corner
  Data Path Delay:        0.970ns  (logic 0.969ns (99.897%)  route 0.001ns (0.103%))
  Logic Levels:           1  (OBUFDS=1)
  Clock Uncertainty:      0.240ns  ((TSJ^2 + DJ^2)^1/2) / 2 + PE
    Total System Jitter     (TSJ):    0.050ns
    Discrete Jitter          (DJ):    0.142ns
    Phase Error              (PE):    0.165ns

    Location             Delay type                Incr(ns)  Path(ns)    Netlist Resource(s)
  -------------------------------------------------------------------    -------------------
                         (clock clk_out2_clk_wiz_0 rise edge)
                                                      0.000     0.000 r  
    M19                                               0.000     0.000 r  clk (IN)
                         net (fo=0)                   0.000     0.000    u2/inst/clk_in1
    M19                  IBUF (Prop_ibuf_I_O)         0.205     0.205 r  u2/inst/clkin1_ibufg/O
                         net (fo=1, routed)           0.440     0.645    u2/inst/clk_in1_clk_wiz_0
    MMCME2_ADV_X1Y1      MMCME2_ADV (Prop_mmcme2_adv_CLKIN1_CLKOUT1)
                                                     -2.444    -1.799 r  u2/inst/mmcm_adv_inst/CLKOUT1
                         net (fo=1, routed)           0.529    -1.270    u2/inst/clk_out2_clk_wiz_0
    BUFGCTRL_X0Y17       BUFG (Prop_bufg_I_O)         0.026    -1.244 r  u2/inst/clkout2_buf/O
                         net (fo=8, routed)           0.621    -0.623    u1/U0/DataEncoders[0].DataSerializer/SerialClk
    OLOGIC_X1Y70         OSERDESE2                                    r  u1/U0/DataEncoders[0].DataSerializer/SerializerMaster/CLK
  -------------------------------------------------------------------    -------------------
    OLOGIC_X1Y70         OSERDESE2 (Prop_oserdese2_CLK_OQ)
                                                      0.177    -0.446 r  u1/U0/DataEncoders[0].DataSerializer/SerializerMaster/OQ
                         net (fo=1, routed)           0.001    -0.445    u1/U0/DataEncoders[0].DataSerializer/sDataOut
    M21                  OBUFDS (Prop_obufds_I_OB)    0.792     0.347 r  u1/U0/DataEncoders[0].DataSerializer/OutputBuffer/OB
                         net (fo=0)                   0.000     0.347    TMDS_DATA_n[0]
    M22                                                               r  TMDS_DATA_n[0] (OUT)
  -------------------------------------------------------------------    -------------------

Slack:                    inf
  Source:                 u1/U0/DataEncoders[2].DataSerializer/SerializerMaster/CLK
                            (rising edge-triggered cell OSERDESE2 clocked by clk_out2_clk_wiz_0  {rise@0.000ns fall@2.500ns period=5.000ns})
  Destination:            TMDS_DATA_n[2]
                            (output port)
  Path Group:             (none)
  Path Type:              Min at Fast Process Corner
  Data Path Delay:        0.967ns  (logic 0.966ns (99.897%)  route 0.001ns (0.103%))
  Logic Levels:           1  (OBUFDS=1)
  Clock Uncertainty:      0.240ns  ((TSJ^2 + DJ^2)^1/2) / 2 + PE
    Total System Jitter     (TSJ):    0.050ns
    Discrete Jitter          (DJ):    0.142ns
    Phase Error              (PE):    0.165ns

    Location             Delay type                Incr(ns)  Path(ns)    Netlist Resource(s)
  -------------------------------------------------------------------    -------------------
                         (clock clk_out2_clk_wiz_0 rise edge)
                                                      0.000     0.000 r  
    M19                                               0.000     0.000 r  clk (IN)
                         net (fo=0)                   0.000     0.000    u2/inst/clk_in1
    M19                  IBUF (Prop_ibuf_I_O)         0.205     0.205 r  u2/inst/clkin1_ibufg/O
                         net (fo=1, routed)           0.440     0.645    u2/inst/clk_in1_clk_wiz_0
    MMCME2_ADV_X1Y1      MMCME2_ADV (Prop_mmcme2_adv_CLKIN1_CLKOUT1)
                                                     -2.444    -1.799 r  u2/inst/mmcm_adv_inst/CLKOUT1
                         net (fo=1, routed)           0.529    -1.270    u2/inst/clk_out2_clk_wiz_0
    BUFGCTRL_X0Y17       BUFG (Prop_bufg_I_O)         0.026    -1.244 r  u2/inst/clkout2_buf/O
                         net (fo=8, routed)           0.625    -0.619    u1/U0/DataEncoders[2].DataSerializer/SerialClk
    OLOGIC_X1Y84         OSERDESE2                                    r  u1/U0/DataEncoders[2].DataSerializer/SerializerMaster/CLK
  -------------------------------------------------------------------    -------------------
    OLOGIC_X1Y84         OSERDESE2 (Prop_oserdese2_CLK_OQ)
                                                      0.177    -0.442 r  u1/U0/DataEncoders[2].DataSerializer/SerializerMaster/OQ
                         net (fo=1, routed)           0.001    -0.441    u1/U0/DataEncoders[2].DataSerializer/sDataOut
    J21                  OBUFDS (Prop_obufds_I_OB)    0.789     0.348 r  u1/U0/DataEncoders[2].DataSerializer/OutputBuffer/OB
                         net (fo=0)                   0.000     0.348    TMDS_DATA_n[2]
    J22                                                               r  TMDS_DATA_n[2] (OUT)
  -------------------------------------------------------------------    -------------------

Slack:                    inf
  Source:                 u1/U0/ClockSerializer/SerializerMaster/CLK
                            (rising edge-triggered cell OSERDESE2 clocked by clk_out2_clk_wiz_0  {rise@0.000ns fall@2.500ns period=5.000ns})
  Destination:            TMDS_CLK_p
                            (output port)
  Path Group:             (none)
  Path Type:              Min at Fast Process Corner
  Data Path Delay:        0.976ns  (logic 0.975ns (99.898%)  route 0.001ns (0.102%))
  Logic Levels:           1  (OBUFDS=1)
  Clock Uncertainty:      0.240ns  ((TSJ^2 + DJ^2)^1/2) / 2 + PE
    Total System Jitter     (TSJ):    0.050ns
    Discrete Jitter          (DJ):    0.142ns
    Phase Error              (PE):    0.165ns

    Location             Delay type                Incr(ns)  Path(ns)    Netlist Resource(s)
  -------------------------------------------------------------------    -------------------
                         (clock clk_out2_clk_wiz_0 rise edge)
                                                      0.000     0.000 r  
    M19                                               0.000     0.000 r  clk (IN)
                         net (fo=0)                   0.000     0.000    u2/inst/clk_in1
    M19                  IBUF (Prop_ibuf_I_O)         0.205     0.205 r  u2/inst/clkin1_ibufg/O
                         net (fo=1, routed)           0.440     0.645    u2/inst/clk_in1_clk_wiz_0
    MMCME2_ADV_X1Y1      MMCME2_ADV (Prop_mmcme2_adv_CLKIN1_CLKOUT1)
                                                     -2.444    -1.799 r  u2/inst/mmcm_adv_inst/CLKOUT1
                         net (fo=1, routed)           0.529    -1.270    u2/inst/clk_out2_clk_wiz_0
    BUFGCTRL_X0Y17       BUFG (Prop_bufg_I_O)         0.026    -1.244 r  u2/inst/clkout2_buf/O
                         net (fo=8, routed)           0.620    -0.624    u1/U0/ClockSerializer/SerialClk
    OLOGIC_X1Y72         OSERDESE2                                    r  u1/U0/ClockSerializer/SerializerMaster/CLK
  -------------------------------------------------------------------    -------------------
    OLOGIC_X1Y72         OSERDESE2 (Prop_oserdese2_CLK_OQ)
                                                      0.177    -0.447 r  u1/U0/ClockSerializer/SerializerMaster/OQ
                         net (fo=1, routed)           0.001    -0.446    u1/U0/ClockSerializer/sDataOut
    N19                  OBUFDS (Prop_obufds_I_O)     0.798     0.352 r  u1/U0/ClockSerializer/OutputBuffer/O
                         net (fo=0)                   0.000     0.352    TMDS_CLK_p
    N19                                                               r  TMDS_CLK_p (OUT)
  -------------------------------------------------------------------    -------------------

Slack:                    inf
  Source:                 u1/U0/ClockSerializer/SerializerMaster/CLK
                            (rising edge-triggered cell OSERDESE2 clocked by clk_out2_clk_wiz_0  {rise@0.000ns fall@2.500ns period=5.000ns})
  Destination:            TMDS_CLK_n
                            (output port)
  Path Group:             (none)
  Path Type:              Min at Fast Process Corner
  Data Path Delay:        0.977ns  (logic 0.976ns (99.898%)  route 0.001ns (0.102%))
  Logic Levels:           1  (OBUFDS=1)
  Clock Uncertainty:      0.240ns  ((TSJ^2 + DJ^2)^1/2) / 2 + PE
    Total System Jitter     (TSJ):    0.050ns
    Discrete Jitter          (DJ):    0.142ns
    Phase Error              (PE):    0.165ns

    Location             Delay type                Incr(ns)  Path(ns)    Netlist Resource(s)
  -------------------------------------------------------------------    -------------------
                         (clock clk_out2_clk_wiz_0 rise edge)
                                                      0.000     0.000 r  
    M19                                               0.000     0.000 r  clk (IN)
                         net (fo=0)                   0.000     0.000    u2/inst/clk_in1
    M19                  IBUF (Prop_ibuf_I_O)         0.205     0.205 r  u2/inst/clkin1_ibufg/O
                         net (fo=1, routed)           0.440     0.645    u2/inst/clk_in1_clk_wiz_0
    MMCME2_ADV_X1Y1      MMCME2_ADV (Prop_mmcme2_adv_CLKIN1_CLKOUT1)
                                                     -2.444    -1.799 r  u2/inst/mmcm_adv_inst/CLKOUT1
                         net (fo=1, routed)           0.529    -1.270    u2/inst/clk_out2_clk_wiz_0
    BUFGCTRL_X0Y17       BUFG (Prop_bufg_I_O)         0.026    -1.244 r  u2/inst/clkout2_buf/O
                         net (fo=8, routed)           0.620    -0.624    u1/U0/ClockSerializer/SerialClk
    OLOGIC_X1Y72         OSERDESE2                                    r  u1/U0/ClockSerializer/SerializerMaster/CLK
  -------------------------------------------------------------------    -------------------
    OLOGIC_X1Y72         OSERDESE2 (Prop_oserdese2_CLK_OQ)
                                                      0.177    -0.447 r  u1/U0/ClockSerializer/SerializerMaster/OQ
                         net (fo=1, routed)           0.001    -0.446    u1/U0/ClockSerializer/sDataOut
    N19                  OBUFDS (Prop_obufds_I_OB)    0.799     0.353 r  u1/U0/ClockSerializer/OutputBuffer/OB
                         net (fo=0)                   0.000     0.353    TMDS_CLK_n
    N20                                                               r  TMDS_CLK_n (OUT)
  -------------------------------------------------------------------    -------------------





--------------------------------------------------------------------------------------
Path Group:  (none)
From Clock:  clkfbout_clk_wiz_0
  To Clock:  

Max Delay             1 Endpoint
Min Delay             1 Endpoint
--------------------------------------------------------------------------------------


Max Delay Paths
--------------------------------------------------------------------------------------
Slack:                    inf
  Source:                 u2/inst/mmcm_adv_inst/CLKFBOUT
                            (clock source 'clkfbout_clk_wiz_0'  {rise@0.000ns fall@10.000ns period=20.000ns})
  Destination:            u2/inst/mmcm_adv_inst/CLKFBIN
  Path Group:             (none)
  Path Type:              Max at Fast Process Corner
  Data Path Delay:        1.464ns  (logic 0.029ns (1.981%)  route 1.435ns (98.019%))
  Logic Levels:           1  (BUFG=1)
  Clock Uncertainty:      0.225ns  ((TSJ^2 + DJ^2)^1/2) / 2 + PE
    Total System Jitter     (TSJ):    0.050ns
    Discrete Jitter          (DJ):    0.110ns
    Phase Error              (PE):    0.165ns

    Location             Delay type                Incr(ns)  Path(ns)    Netlist Resource(s)
  -------------------------------------------------------------------    -------------------
                         (clock clkfbout_clk_wiz_0 fall edge)
                                                     10.000    10.000 f  
    M19                                               0.000    10.000 f  clk (IN)
                         net (fo=0)                   0.000    10.000    u2/inst/clk_in1
    M19                  IBUF (Prop_ibuf_I_O)         0.392    10.392 f  u2/inst/clkin1_ibufg/O
                         net (fo=1, routed)           0.480    10.872    u2/inst/clk_in1_clk_wiz_0
  -------------------------------------------------------------------    -------------------
    MMCME2_ADV_X1Y1      MMCME2_ADV (Prop_mmcme2_adv_CLKIN1_CLKFBOUT)
                                                     -3.231     7.641 f  u2/inst/mmcm_adv_inst/CLKFBOUT
                         net (fo=1, routed)           0.576     8.217    u2/inst/clkfbout_clk_wiz_0
    BUFGCTRL_X0Y18       BUFG (Prop_bufg_I_O)         0.029     8.246 f  u2/inst/clkf_buf/O
                         net (fo=1, routed)           0.859     9.105    u2/inst/clkfbout_buf_clk_wiz_0
    MMCME2_ADV_X1Y1      MMCME2_ADV                                   f  u2/inst/mmcm_adv_inst/CLKFBIN
  -------------------------------------------------------------------    -------------------





Min Delay Paths
--------------------------------------------------------------------------------------
Slack:                    inf
  Source:                 u2/inst/mmcm_adv_inst/CLKFBOUT
                            (clock source 'clkfbout_clk_wiz_0'  {rise@0.000ns fall@10.000ns period=20.000ns})
  Destination:            u2/inst/mmcm_adv_inst/CLKFBIN
  Path Group:             (none)
  Path Type:              Min at Slow Process Corner
  Data Path Delay:        3.412ns  (logic 0.091ns (2.667%)  route 3.321ns (97.333%))
  Logic Levels:           1  (BUFG=1)
  Clock Uncertainty:      0.225ns  ((TSJ^2 + DJ^2)^1/2) / 2 + PE
    Total System Jitter     (TSJ):    0.050ns
    Discrete Jitter          (DJ):    0.110ns
    Phase Error              (PE):    0.165ns

    Location             Delay type                Incr(ns)  Path(ns)    Netlist Resource(s)
  -------------------------------------------------------------------    -------------------
                         (clock clkfbout_clk_wiz_0 rise edge)
                                                      0.000     0.000 r  
    M19                                               0.000     0.000 r  clk (IN)
                         net (fo=0)                   0.000     0.000    u2/inst/clk_in1
    M19                  IBUF (Prop_ibuf_I_O)         1.366     1.366 r  u2/inst/clkin1_ibufg/O
                         net (fo=1, routed)           1.162     2.528    u2/inst/clk_in1_clk_wiz_0
  -------------------------------------------------------------------    -------------------
    MMCME2_ADV_X1Y1      MMCME2_ADV (Prop_mmcme2_adv_CLKIN1_CLKFBOUT)
                                                     -7.500    -4.972 r  u2/inst/mmcm_adv_inst/CLKFBOUT
                         net (fo=1, routed)           1.725    -3.247    u2/inst/clkfbout_clk_wiz_0
    BUFGCTRL_X0Y18       BUFG (Prop_bufg_I_O)         0.091    -3.156 r  u2/inst/clkf_buf/O
                         net (fo=1, routed)           1.596    -1.560    u2/inst/clkfbout_buf_clk_wiz_0
    MMCME2_ADV_X1Y1      MMCME2_ADV                                   r  u2/inst/mmcm_adv_inst/CLKFBIN
  -------------------------------------------------------------------    -------------------





